epoch,lr,wall_s,train_pose_sl1,train_pose_pm,train_pose_loss,train_gripper_loss,train_total,train_pose_l1,train_pose_pos_l1,train_pose_rot_l1,train_gripper_acc,train_pose_pos_m,train_pose_rot_rad,train_pose_pm_mm,val_pose_sl1,val_pose_pm,val_pose_loss,val_gripper_loss,val_total,val_pose_l1,val_pose_pos_l1,val_pose_rot_l1,val_gripper_acc,val_pose_pos_m,val_pose_rot_rad,val_pose_pm_mm,val_cond_delta
0,0.0009997532801828658,27.69,0.2582687444563182,0.037051356854444405,0.2593594981158305,0.1399791651294104,0.3993386640301291,0.5320499965792183,0.46927466997935335,0.5948253174622854,0.9371069182389937,0.0126755144271367,0.052018173507549476,37.05135685444441,0.28305146393381353,0.038306136878255084,0.2681429609830007,0.048137485043152226,0.31628044404627836,0.5861497458878097,0.4784109502822369,0.6938885512885514,0.9778554798006178,0.012755402103326954,0.05957786285585457,38.30613687825509,0.7301025390625
1,0.0009990133642141358,27.5,0.20018490103993025,0.029511482314259378,0.20658037699056123,0.11002382955297171,0.31660420653767557,0.4499519388630705,0.3689838893383554,0.5309199915741974,0.9515035377358491,0.009946925451381589,0.046315778943024716,29.511482314259375,0.25914391451504404,0.03347337341461426,0.23431361562166458,0.0601250025463271,0.2944386206167839,0.547333228421378,0.41773151253764723,0.6769349798733816,0.972027973000542,0.011228390109653655,0.05808501649812941,33.473373414614265,0.5990726351737976
2,0.00099778098230154,27.51,0.17942320485160035,0.02707841862344517,0.18954893051640792,0.09847184793098168,0.2880207792205631,0.4184715483548506,0.33897519894178557,0.4979678992205446,0.9557291666666666,0.00914438567182881,0.04323177395165904,27.07841862344517,0.22594522148162335,0.03295159167099944,0.23066114417183928,0.05839106773996686,0.2890522146558428,0.5026150809857117,0.4084362525206346,0.596793913896823,0.9755244764970454,0.011022183711972687,0.05106571467814745,32.95159167099944,0.7747896909713745
3,0.000996057350657239,27.58,0.16126635131783457,0.025404982760829746,0.17783488009898168,0.09148157896392001,0.2693164590863312,0.38885264304823847,0.3178198076081726,0.4598854802689462,0.9599056603773585,0.008566216183474884,0.03987378374023257,25.404982760829746,0.1921148886838993,0.030982443346427038,0.21687710347709122,0.049374364889585055,0.26625146669941346,0.4589406498523303,0.3884486210443479,0.5294326880039313,0.9743589753315444,0.010447514080605307,0.04531695891718764,30.982443346427036,0.4812324643135071
4,0.0009938441702975688,27.56,0.14671298364798227,0.02428978691521868,0.17002850852953563,0.08954216551574522,0.25957067423271685,0.3685382072280788,0.3052076768575224,0.4318687383483791,0.9624606918238994,0.008222243407413177,0.03748433561937052,24.28978691521868,0.1848730484158287,0.02923953897886343,0.20467676937857987,0.0387207165942256,0.24339748609871853,0.4424120034926977,0.37031508693884024,0.514508929841724,0.9836829836829837,0.009991408724094673,0.044542402645577364,29.23953897886343,0.5205422639846802
5,0.0009911436253643444,27.63,0.13490154657442616,0.023433435983580986,0.164034052464947,0.08343834721090847,0.24747239971685708,0.34813252859895333,0.2941711867849032,0.4020938704598625,0.9644752358490566,0.007940369918825303,0.03498731113079959,23.43343598358099,0.16155311423581797,0.026730498672400044,0.1871134911800598,0.02940067878136268,0.21651416982248392,0.40373484265832077,0.3378129434752298,0.4696567516365807,0.9883449883449883,0.009098325625912987,0.04047931212332699,26.730498672400042,0.6982848644256592
6,0.0009879583809693736,27.62,0.1281639209848905,0.022636131910642364,0.15845292347407192,0.0811401769671144,0.23959310038846993,0.3369411661190057,0.2849765567565864,0.38890577374764207,0.9640330188679245,0.007683511155675042,0.033768045264969834,22.636131910642362,0.16008365953163112,0.027079077255163158,0.1895535396181898,0.03003992815447715,0.2195934691490271,0.4062230717607867,0.34569639655259937,0.46674974384285633,0.9801864801864801,0.009284192544249666,0.040164198309599934,27.07907725516316,0.7636264562606812
7,0.0009842915805643154,27.67,0.11954070571458565,0.02180848468341074,0.15265939309724472,0.07869916307921491,0.23135855686177248,0.3203500487706946,0.27442699525528735,0.366273100083729,0.9661949685534591,0.007411891143511301,0.031851486466918724,21.80848468341074,0.15986826088461842,0.02762188448077871,0.19335319136545095,0.052195780157244014,0.245548972160944,0.40428397997275933,0.3484116629426018,0.4601562890139493,0.9766899766899767,0.009399407649616817,0.03961299696724454,27.62188448077871,0.8532828092575073
8,0.0009801468428384714,27.67,0.11307141832632464,0.020899537359159323,0.14629676216428386,0.07461437838644071,0.22091114071180235,0.3074106140612806,0.26269114003428873,0.3521300881819905,0.9666371855345912,0.007097178295477288,0.030624954779661675,20.89953735915932,0.15074457308073422,0.026072842674655514,0.18250989775001863,0.044543165253314664,0.2270530630033333,0.38556158625996195,0.32855235995390475,0.4425708205549867,0.9836829836829837,0.008790685473952122,0.03811119362225621,26.072842674655515,0.7002938985824585
9,0.0009755282581475767,27.69,0.10933743971370675,0.02035267968550793,0.14246875783369975,0.07478016572740842,0.2172489233033837,0.30032055197084473,0.2557825263378755,0.3448585761043261,0.9691430817610063,0.006911561386542594,0.03004628460291984,20.35267968550793,0.1438419386084541,0.02555941668771086,0.1789159169008126,0.0309655704993607,0.20988149006605705,0.37514952443418526,0.3219589108562136,0.42834015180180957,0.986013986013986,0.008660029348567789,0.036724503835910687,25.559416687710858,0.5005292892456055
10,0.0009704403844771127,27.75,0.10684067987889614,0.02017992558309211,0.1412594790728587,0.07216312751209117,0.21342260734933727,0.2961616392874118,0.2531286576915087,0.339194618024916,0.9697327044025157,0.006838050294585479,0.029475472264179268,20.17992558309211,0.14631382891765007,0.02590740155993086,0.18135181069374084,0.030908822500969702,0.21226063301235368,0.3784496502859609,0.3235536226025828,0.43334569332205053,0.986013986013986,0.008772053836143656,0.037212625289192565,25.90740155993086,0.5513529777526855
11,0.0009648882429441257,27.69,0.10241061474823351,0.01954409946927672,0.1368086963376534,0.06705774381791926,0.2038664404279406,0.2878990697223435,0.24648664755828725,0.32931148907485996,0.9714524371069182,0.006662295107677017,0.028648456429722923,19.54409946927672,0.14412399476919419,0.02555281117923193,0.17886967939652484,0.11843353308442034,0.2973032127588223,0.3745586493493238,0.32346800831092265,0.42564930462892797,0.9731934741660432,0.008725524057215188,0.036873620355150086,25.55281117923193,0.6741213798522949
12,0.0009588773128419905,27.63,0.09967522107580173,0.019129593809773714,0.1339071568265651,0.06750918187804332,0.20141633803833206,0.2814885898955963,0.24051534689072543,0.3224618302763633,0.9721403301886793,0.006509934489047096,0.028042727788476825,19.129593809773713,0.1408663669770414,0.026256581559985667,0.18379606969984538,0.03841333874525168,0.2222094094002997,0.3676232172475828,0.327263055495171,0.4079833967841311,0.9825174834900525,0.008840507029887888,0.03488654372366992,26.25658155998567,0.7468334436416626
13,0.0009524135262330098,27.64,0.09585589182170683,0.018619924807136163,0.13033947353280564,0.06291462613252115,0.19325409925677492,0.27485134419780105,0.2338968589901924,0.3158058279996398,0.9732704402515723,0.006324478877567739,0.02744166379056449,18.619924807136165,0.1364414013731174,0.02470578028362392,0.17294046001417654,0.03139332909840387,0.20433379067129745,0.35894890341447505,0.31047528662603774,0.407422525760455,0.9883449883449883,0.00835881506511833,0.034931265555825826,24.70578028362392,0.7185925245285034
14,0.0009455032620941839,27.61,0.09358045233870452,0.018411308512349362,0.12887915980609707,0.06431703283978661,0.19319619261806117,0.2712699801385778,0.23133481439179596,0.31120514363612767,0.9725825471698113,0.006257272180486119,0.027080091735664405,18.41130851234936,0.12904339674469475,0.023246682025405356,0.16272677512435646,0.034334098212507776,0.19706087331949693,0.34303199626626946,0.29471784628632464,0.3913461353395369,0.9836829836829837,0.007922040599252864,0.03339114892437602,23.246682025405356,0.7064013481140137
15,0.0009381533400219318,27.64,0.08605313120679285,0.017358291636472976,0.12150804183018282,0.06291709089675133,0.18442513243113673,0.2573693315000654,0.21823424082132256,0.29650442194451326,0.9742531446540881,0.00590549621280025,0.025793305820779606,17.358291636472977,0.13548816679727224,0.02452502855575168,0.17167519991631275,0.018652185178980544,0.19032738526245374,0.35651052178758563,0.3072760731745989,0.40574495796557075,0.9906759906759907,0.008249571518690296,0.03474656846765038,24.525028555751682,0.9311658143997192
16,0.0009303710135019719,27.61,0.08748044572630019,0.017577006382012518,0.12303904448665164,0.058884306194307574,0.18192335072928253,0.2606991687848133,0.22091651220554076,0.300481822083956,0.9753832547169812,0.005974022889767522,0.026124483554290152,17.577006382012517,0.1270163517037194,0.022569691475767355,0.1579878431655866,0.027144982633647664,0.18513282546491333,0.338346290768999,0.2846296964547573,0.3920628826518159,0.9895104895104895,0.007671366537984088,0.03370694353273421,22.569691475767357,1.0714223384857178
17,0.0009221639627510076,27.63,0.0843264492896368,0.017050467012742966,0.11935326927956545,0.0576601323727284,0.17701340150439515,0.2539480024913572,0.21484947190532144,0.29304653265566194,0.9767099056603774,0.005813910289075952,0.025450857836495405,17.050467012742967,0.12887035015023948,0.023630467454071366,0.16541327306857476,0.02782996903696816,0.19324324194923703,0.34314640505469485,0.29624881739521913,0.39004400184938126,0.9906759906759907,0.007984769467637811,0.03338256261652305,23.63046745407137,0.8482285737991333
18,0.000913540287137281,27.59,0.08298512194422805,0.01672608771730425,0.11708261414706332,0.06070521662784916,0.17778783019796107,0.249332291993705,0.21051864888308183,0.28814593468259714,0.9757763364779874,0.005701979629566554,0.025040742952915484,16.726087717304253,0.1316859725263569,0.02416688592405447,0.16916820198505908,0.03974629492262304,0.20891449563986772,0.34347138503492575,0.301468936852364,0.3854737985523153,0.9836829846555536,0.008125392319569429,0.033077099189023317,24.16688592405447,0.9936912059783936
19,0.0009045084971874739,27.55,0.07991370829349419,0.016437067910911714,0.11505947576004004,0.0523986336906915,0.16745810913589765,0.24521566580676432,0.20738708288789545,0.28304424746044027,0.979314072327044,0.0056155481787234455,0.024623093833713413,16.437067910911715,0.12846310579137646,0.023214651619047275,0.1625025633609656,0.029898724816131702,0.19240128848102542,0.3385106277215731,0.29129109522957347,0.3857301550728458,0.9895104895104895,0.007836678050163188,0.033038721565322164,23.214651619047274,0.9638112783432007
20,0.0008950775061878452,27.53,0.07800428106584265,0.016092403247108998,0.1126468228469105,0.05335587423013629,0.16600269690718292,0.24091511744560687,0.20246575866480293,0.2793644782413477,0.9778400157232704,0.0054804124567751425,0.024267259159318683,16.092403247109,0.12565267745118874,0.023604445641378424,0.16523112165622222,0.04133484773077331,0.2065659675981615,0.3402795862484645,0.2985648920624962,0.38199426376180495,0.9766899776625466,0.008039909215222844,0.03264474533585124,23.604445641378422,0.82977294921875
21,0.0008852566213878947,27.57,0.07611421127832911,0.01575525659400056,0.11028679621950635,0.053077810097254416,0.163364606692731,0.2366391143427705,0.19897651208459205,0.27430171735069286,0.9786753144654088,0.0053851829699691645,0.023857264018049405,15.75525659400056,0.12485484313436877,0.023273264872027445,0.16291285438206923,0.03665645984120858,0.199569313988819,0.33644401843036525,0.2946258969170786,0.37826213282305043,0.9825174834900525,0.00792969291430566,0.03252456071493509,23.273264872027443,1.0776995420455933
22,0.0008750555348152298,27.58,0.07462772650866763,0.015615655750668835,0.10930959020489417,0.05295497532450717,0.16226456562678018,0.23491134213389092,0.19658355871742628,0.27323912763558095,0.9786261792452831,0.005320189681062299,0.023739418498117407,15.615655750668836,0.11703214144859558,0.022145480803259603,0.1550183655359806,0.03586753226799287,0.19088589919335913,0.3203484486866664,0.28081801304450404,0.35987888099430326,0.986013986986556,0.007554141869703373,0.030739512654902774,22.145480803259602,1.0189862251281738
23,0.0008644843137107057,27.65,0.07306063383138217,0.01544231174911999,0.10809618229948499,0.05080066479555091,0.15889684729418665,0.23159407641527788,0.19433290680062096,0.2688552472482687,0.9801493710691824,0.005264595342776591,0.023317777970512897,15.442311749119991,0.1194370648452452,0.022886760233269705,0.16020732241007554,0.030318552185292846,0.19052587334926313,0.3256975052865235,0.2870477544955718,0.36434725051993255,0.9918414918414918,0.007734386665021484,0.03112667897555517,22.886760233269705,1.2020394802093506
24,0.0008535533905932737,27.63,0.0690246777456699,0.014757666154032421,0.10330366315144413,0.050644513506606315,0.15394817676934056,0.22350220494675185,0.18589290531363878,0.261111503548967,0.9805915880503144,0.0050362033319934826,0.022676474921428744,14.757666154032421,0.12025527268787087,0.02313638472004787,0.1619546918463318,0.038863167965606654,0.20081785946459205,0.32305488136264826,0.2903261506335163,0.3557836278960421,0.9836829836829837,0.007812567704328985,0.030535288949633813,23.13638472004787,1.0976207256317139
25,0.0008422735529643444,27.66,0.06887727697034302,0.01472311281546388,0.10306178984589547,0.04538810287116084,0.14844989261162356,0.222387377008702,0.18508213838128923,0.2596926167138717,0.9808372641509434,0.005009129209262348,0.022568854860633425,14.72311281546388,0.12227348816561533,0.024473723742702763,0.17131606628358503,0.042569638757438924,0.21388570398161738,0.33370288414554994,0.31018310910338287,0.357222632059962,0.9871794871794872,0.008346483372976799,0.030424414701881387,24.473723742702763,1.0872766971588135
26,0.0008306559326618259,27.61,0.06834642907733438,0.014665822501429034,0.10266075789366129,0.04526324230707514,0.14792400045589832,0.22173375669140485,0.18449133327640826,0.2589761809732929,0.9817708333333334,0.005004462572956845,0.02248487629746116,14.665822501429034,0.12399788699297361,0.02388912758036649,0.1672238935054321,0.04250245402395586,0.20972634723414352,0.33163721744830793,0.3017149611369713,0.36155946709059333,0.9883449893175583,0.008108808664444373,0.030823992187535013,23.88912758036649,0.816028356552124
27,0.0008187119948743449,27.61,0.06326469938335179,0.014039667610243056,0.09827767350013901,0.04302712429333888,0.14130479758078196,0.21370426738786996,0.17700249387783074,0.2504060405230372,0.9827044025157232,0.004795919083140837,0.021770090643761668,14.039667610243056,0.11816996857002898,0.022932365714704795,0.16052656047619307,0.1557595863903597,0.31628614441776054,0.3225365686110961,0.29000249709977416,0.3550706292157407,0.9731934741660432,0.007803947992605485,0.03051671529045472,22.932365714704797,0.7188282608985901
28,0.0008064535268264883,27.64,0.06392130421462862,0.013861292621718263,0.09702904860975232,0.0384795845057171,0.1355086330957008,0.21222985460885666,0.1744692587065247,0.24999045351016447,0.9853577044025157,0.004731546605661887,0.021747822223125764,13.861292621718263,0.1160360441949123,0.02298718823732196,0.160910318190957,0.04409772416659238,0.20500804303270398,0.3215497774538738,0.28919501633910866,0.35390453811708866,0.9883449893175583,0.007782521340692099,0.030212054767218225,22.98718823732196,0.9781975150108337
29,0.0007938926261462367,27.63,0.06291417589516572,0.013773556502899097,0.09641489581023373,0.042913155140407944,0.1393280509835894,0.2098127154153098,0.17391916055162,0.24570627168476958,0.9832448899371069,0.004707989935271161,0.021334759372655512,13.773556502899096,0.11559556932611899,0.022485714271178334,0.15740000067543594,0.03280978156622751,0.19020978283215237,0.31972517965834735,0.2853266699608667,0.3541237126975071,0.9883449893175583,0.007661434894510152,0.030281071453452945,22.485714271178335,1.16469144821167
30,0.0007810416889260654,27.57,0.06136670365414155,0.013552672036413877,0.09486870438375938,0.042560933384774895,0.137429637869574,0.20704658423204841,0.17047242525051226,0.2436207410112117,0.982999213836478,0.0046197035307439524,0.021164965315036616,13.552672036413876,0.11377457382552551,0.022449414339133632,0.15714590140294918,0.03241735179463536,0.18956325382063716,0.31543165744045676,0.28412420141113387,0.3467390923511176,0.9906759906759907,0.007636343617435102,0.02966937200884858,22.449414339133632,1.0440897941589355
31,0.0007679133974894983,27.61,0.05956995313249107,0.013411250334443911,0.09387875274526623,0.03946796372282442,0.13334671632861192,0.20471396301902314,0.1694234960109183,0.24000443180776992,0.9843258647798742,0.00458776870004411,0.02086181284379472,13.411250334443912,0.11152786233555742,0.021911091030095562,0.15337763685029704,0.04812865376272749,0.20150628797102085,0.3102397352179169,0.27631626509147367,0.3441632086788858,0.9848484858210548,0.007434499975389395,0.02950801493465414,21.911091030095562,0.9547340869903564
32,0.0007545207078751857,27.68,0.058613035546721155,0.013106226739502928,0.09174358734638437,0.03904207614664158,0.1307856633134608,0.20213390450994922,0.16511659722470637,0.23915121287294905,0.9849154874213837,0.004478222590947301,0.02079384971363177,13.106226739502928,0.1121117956589013,0.02248568348108958,0.15739978361866136,0.05463218299068493,0.2120319655586234,0.312292625020434,0.282652560647551,0.34193269894534334,0.986013986986556,0.007627250832920169,0.029269827851083452,22.48568348108958,0.8046848773956299
33,0.0007408768370508577,27.68,0.05692199037744189,0.012888440616288275,0.09021908457174241,0.03212348546824746,0.12234257002296688,0.19914770463727555,0.16263344263037047,0.23566196830767505,0.9879618710691824,0.0044071838690214,0.020459169952444872,12.888440616288275,0.11131302095376529,0.02206736582055653,0.1544715603401055,0.032804680156732074,0.18727624155841507,0.30975831541425974,0.27981775755926724,0.3396988648287344,0.9895104895104895,0.007553691774962735,0.02924503539721449,22.06736582055653,1.1983203887939453
34,0.0007269952498697734,27.59,0.05608924139150471,0.012847846628711471,0.08993492667920559,0.035669669497951445,0.1256045962818576,0.1980779118039323,0.16208304188348963,0.2340727833175809,0.9868317610062893,0.0043930378962167595,0.02034897031262517,12.847846628711471,0.11037832416924008,0.022352555847025557,0.15646789288951524,0.05290293191626911,0.209370824354234,0.31142831845578056,0.28141737147505747,0.3414392821091316,0.9848484858210548,0.007586363552133868,0.029243708876914635,22.352555847025556,0.8960203528404236
35,0.0007128896457825364,27.67,0.05448554132906896,0.012457572863841394,0.08720301022553968,0.03195521073472985,0.11915822092842006,0.19329669921653075,0.15689733565884567,0.22969606425027428,0.9873231132075472,0.004260451562919379,0.020009305052834114,12.457572863841394,0.10662258204532948,0.021540912015836834,0.15078638481857615,0.03800444257617136,0.18879082548868406,0.3020517193562501,0.26970229334347734,0.3344011487035485,0.9895104904830595,0.007278721573347951,0.02866028749225509,21.540912015836835,1.0006005764007568
36,0.0006985739453173903,27.55,0.05330357047489042,0.012317963099728027,0.08622574184160188,0.032216390548530184,0.11844213231929443,0.19099710605241968,0.15533401179800993,0.22666019754214856,0.9872248427672956,0.0042149407734930425,0.01970237951561715,12.317963099728027,0.10624818446544501,0.0218246604048914,0.1527726217097058,0.033822990719463444,0.1865956124378529,0.2996813243641442,0.2745653722947572,0.32479727709348943,0.9883449893175583,0.0074106739629884975,0.027725865415325672,21.8246604048914,1.0287152528762817
37,0.0006840622763423391,27.58,0.05242105005836149,0.012094271035408074,0.08465989762272849,0.03153317087548111,0.11619306853591646,0.18884867481278172,0.15325530067835963,0.22444204868947934,0.9876179245283019,0.004155282131044792,0.019509493212256604,12.094271035408074,0.10661997457657939,0.021743210762009753,0.15220247525157352,0.04434723486051415,0.1965497078456523,0.3027720704570517,0.27339121233888997,0.33215292590064605,0.9895104904830595,0.00737713480971771,0.028420873989279453,21.743210762009753,1.244583010673523
38,0.0006693689601226458,27.66,0.0495533421577054,0.011818829683715818,0.08273180782701234,0.030068984936846642,0.1128007931482492,0.183442816536569,0.14964420706877168,0.21724142391914092,0.988060141509434,0.004061812365796628,0.018875421042431076,11.818829683715817,0.10700375573722633,0.02245696371373458,0.15719874845795975,0.05012886915008574,0.20732761735404845,0.3046996711225776,0.28177968560259936,0.32761964997350473,0.9883449893175583,0.007633071838897634,0.028016717092835264,22.456963713734577,1.0240741968154907
39,0.0006545084971874737,27.62,0.05233443177557029,0.012061499152918282,0.08443049436329671,0.02985273986987465,0.11428323423243919,0.1876148100262918,0.15190631001250549,0.22332331041495004,0.9885514937106918,0.004119835203841516,0.019388211481038878,12.061499152918282,0.10522212264386369,0.022069951232809287,0.1544896595892095,0.055774331744109,0.21026399571856697,0.3021236290951153,0.27911341214652385,0.325133842049223,0.9883449893175583,0.00751123202439302,0.027780755251507104,22.069951232809288,0.958008885383606
40,0.0006394955530196147,27.57,0.05137071878584863,0.01183580232157413,0.0828506163549873,0.0294677620311048,0.11231837879702355,0.18563545795169267,0.1493478594289261,0.22192305490468284,0.9889445754716981,0.00405249102465785,0.019271777099314727,11.83580232157413,0.1073281998314085,0.02193243865852867,0.15352707262430992,0.07964708539711568,0.23317415557263338,0.304526723000831,0.274557464745217,0.334495989488555,0.9848484858210548,0.007403750480575995,0.028675067831169476,21.93243865852867,0.8970211148262024
41,0.0006243449435824273,27.58,0.04856796754793551,0.011407476439837765,0.07985233535416096,0.02789628015453678,0.10774861574875859,0.18027282820182777,0.14398272248840183,0.21656293440727317,0.988748034591195,0.003906979229236783,0.018840813007697743,11.407476439837765,0.10510857723705419,0.021089875744981366,0.1476291311440212,0.04748212465460658,0.19511125408686125,0.29680469413320504,0.2657882002614317,0.32782119067954574,0.9883449893175583,0.007184754683699086,0.028087216587889166,21.089875744981367,1.0084060430526733
42,0.0006090716206982714,27.57,0.049500928113951626,0.011489120436504296,0.08042384315071241,0.02475129278122635,0.10517513591491576,0.18129548884975086,0.14538852012944672,0.21720245588313108,0.990811713836478,0.003943649871104965,0.018887415970529214,11.489120436504296,0.10466394398040149,0.022407822862336963,0.15685476234187057,0.03827321580106432,0.19512798097028042,0.30282504748909067,0.2800926441773946,0.32555745590677904,0.9941724941724942,0.007552603222777099,0.0279074591217619,22.407822862336964,1.1195533275604248
43,0.0005936906572928625,27.65,0.04755651089216366,0.011194089341194093,0.0783586257588376,0.025769281873930502,0.10412790731720205,0.17787536299266155,0.14165553047597032,0.2140951969151227,0.9911556603773585,0.003842672817086883,0.018626074251021793,11.194089341194093,0.10405656678432768,0.021983510725599623,0.15388457451041762,0.04660073636666305,0.2004853120564303,0.2985942564852588,0.27643051073128805,0.3207579998078046,0.9871794871794872,0.0074585739464557675,0.0274430460303084,21.983510725599626,1.1281050443649292
44,0.0005782172325201156,27.65,0.04708761121468537,0.01103443401549363,0.0772410383295713,0.022594622873513354,0.09983566102319918,0.1756285065843624,0.13963850639151326,0.2116185056057366,0.992433176100629,0.003790336287633147,0.018390366684575127,11.034434015493629,0.10371051050531559,0.021753961176965344,0.15227772804337503,0.05104838095231976,0.20332611183742266,0.29681577701946515,0.2722172257088837,0.3214143112058684,0.9883449893175583,0.007322433235293085,0.02756412979866658,21.75396117696534,1.1593093872070312
45,0.0005626666167821523,27.63,0.04551960667888136,0.010863107079991474,0.07604174983670127,0.024116595100070373,0.10015834474338675,0.17284980376467765,0.13734874935270106,0.20835085667716632,0.9911556603773585,0.003723464401017101,0.01811012196934448,10.863107079991474,0.10439983936838615,0.021879895588074807,0.1531592698676603,0.06660837521407502,0.21976764750230562,0.2961714401806429,0.2739092589536191,0.318433613627107,0.986013986986556,0.0073964981989618084,0.027268320187440007,21.87989558807481,1.1178958415985107
46,0.0005470541566592572,27.58,0.04450989829716068,0.01074219296932361,0.07519535099466641,0.021347048683893727,0.09654239977493226,0.17065769761988203,0.13623922421309934,0.20507617233871664,0.9922857704402516,0.0036934829945236727,0.017852349259521602,10.742192969323611,0.10420368965237568,0.02183769663279151,0.15286387888701647,0.0756915318736229,0.2285554105446333,0.2964220393301446,0.2746339879044286,0.31821010187094584,0.9871794881520571,0.007418365651928323,0.027300770201292627,21.83769663279151,0.8892115354537964
47,0.0005313952597646569,27.59,0.043911060089913176,0.010480249246418383,0.07336174499876094,0.022212744059437246,0.09557448881648996,0.1686596227048328,0.13274961492081858,0.2045696292939426,0.9925314465408805,0.0035984933415849534,0.017778283919342473,10.480249246418383,0.1067918327426438,0.021764269576240808,0.1523498881321687,0.06524061789901141,0.21759050514870312,0.2973777999133219,0.27247186102372506,0.322283728799342,0.9883449893175583,0.007345947110265632,0.027684674426774324,21.76426957624081,0.9408847689628601
48,0.0005157053795390643,27.6,0.043068406974557064,0.010299340527469539,0.0720953837669683,0.01802148110308844,0.090116864925473,0.16632329506225557,0.1305308829547849,0.20211570747430968,0.9938089622641509,0.003539835010602508,0.017553032147434523,10.299340527469539,0.10624667013059685,0.022132645899512412,0.15492852193700685,0.07726443327484665,0.23219295822101318,0.3001231046823355,0.27897954963165006,0.3212666321537156,0.9801864801864801,0.007520594496262588,0.027512482782100743,22.13264589951241,1.206755518913269
49,0.0005000000000000002,27.61,0.042035683553150426,0.010209499156899142,0.07146649421104845,0.018354697023286286,0.08982119103600769,0.1641960061102543,0.12947664611369558,0.19891536444331864,0.9933176100628931,0.00351518685285166,0.01729459439421881,10.209499156899142,0.10324412376765327,0.021879098115441125,0.15315368818444805,0.044614651853691935,0.1977683400218581,0.29736492801935244,0.2745087340230986,0.32022113156763266,0.9906759906759907,0.007400636789161009,0.027556297879466365,21.879098115441128,1.1370494365692139
50,0.00048429462046093607,27.57,0.041905787123261755,0.01004289534475959,0.07030026752900027,0.0198493929249553,0.09014966043661225,0.16319005877810455,0.1273054819343225,0.1990746354813096,0.9929736635220126,0.0034545549080244402,0.017331491742845415,10.04289534475959,0.1041724670912836,0.021548106741064634,0.15083674754782433,0.09436803312412093,0.24520478138834725,0.29637012219095565,0.27167655711685307,0.32106367837299,0.9848484858210548,0.007312661802096592,0.027611152740034745,21.548106741064633,1.009537696838379
51,0.0004686047402353435,27.68,0.04302916411638447,0.01012880426433242,0.07090163029402306,0.01748437131441593,0.08838600154567815,0.1647813377327889,0.12809855879852608,0.20146411502698683,0.9940546383647799,0.0034734349779831537,0.01751316719214028,10.12880426433242,0.10351413174907922,0.021835933293982264,0.1528515344038432,0.07224764285439794,0.2250991756821568,0.29420637056266236,0.27549648281438643,0.3129162560879212,0.986013986986556,0.007411853055358975,0.026874381820899206,21.835933293982265,1.136101484298706
52,0.000452945843340743,27.59,0.03957615380392135,0.009614257855083115,0.06729980510126495,0.011376332818596761,0.07867613774519297,0.15766137561895563,0.12155435941879104,0.19376838961674733,0.9960691823899371,0.0033014386521839777,0.016859948131367094,9.614257855083114,0.10195692936023631,0.021774308282734352,0.15242015721497837,0.07310799745916625,0.2255281530893766,0.29379203352894817,0.27351218343892575,0.31407188007603715,0.9825174834900525,0.0073648994899244155,0.026926304754260538,21.774308282734353,1.0402007102966309
53,0.00043733338321784806,27.59,0.03957386038693711,0.00968717656438034,0.06781023608391765,0.01437835877793918,0.08218859466460515,0.157994113839085,0.1226311890912131,0.1933570383292324,0.9950373427672956,0.003324827218483899,0.01681082104127737,9.687176564380339,0.10374128034377432,0.021762589066525995,0.15233812434273167,0.05777148462846628,0.21010960902506376,0.29637553537642203,0.2734270652621498,0.3193240081652617,0.9883449893175583,0.007358255001579548,0.027463401188001488,21.762589066525994,0.979119598865509
54,0.0004217827674798847,27.59,0.040484703992311875,0.009716514673716616,0.06801560282144907,0.014063529945146138,0.08207913286655953,0.1595231220594742,0.12328473389523584,0.19576151017685356,0.9951356132075472,0.00334708340489452,0.01704510289343929,9.716514673716617,0.10256600617007776,0.02197146805172617,0.15380027614064984,0.07484435781050638,0.228644633279258,0.2927123546461403,0.2761623256064795,0.30926238858338556,0.9883449883449883,0.007442268887035427,0.02659915018574897,21.971468051726166,1.1916003227233887
55,0.00040630934270713783,27.56,0.038251812320858614,0.009339740841046162,0.06537818606450872,0.0160242577923393,0.08140244371251865,0.15394922118610557,0.11863073966694328,0.1892677015103634,0.9941037735849056,0.00322306156451316,0.016444667687627878,9.339740841046163,0.10085209072643504,0.021383123546144068,0.1496818655437523,0.06394644367719168,0.21362830674175895,0.28749073104008094,0.2698098134883356,0.3051716396997581,0.9871794881520571,0.0072829409313577035,0.026213838738369775,21.383123546144066,1.1271672248840332
56,0.000390928379301729,27.59,0.03829171250533289,0.009259409829095568,0.06481586894571031,0.014925187063917687,0.07974105583702994,0.15264268568570508,0.11703829935886575,0.188247071098794,0.9953321540880503,0.003177055680857819,0.01637473651764434,9.259409829095569,0.10224147161820551,0.021708412404174295,0.1519588862474148,0.06779657272700142,0.21975545741461375,0.2945785802074801,0.27372401772123395,0.3154331326901496,0.986013986986556,0.007383274874000838,0.02702768862525344,21.708412404174293,1.2273180484771729
57,0.0003756550564175727,27.72,0.037196303079338196,0.009168079267870987,0.06417655507864067,0.010431519538199282,0.07460807475888129,0.15147433664251422,0.11615773117017446,0.18679094192741802,0.9967079402515723,0.0031550661463044445,0.016259368166397763,9.168079267870986,0.10216012773362351,0.021796795958544547,0.15257757122352686,0.07367755569347195,0.22625512683586085,0.2949544361560217,0.2760449376278546,0.3138639315928057,0.9883449893175583,0.007440608885955491,0.02686784060407074,21.796795958544546,1.2319245338439941
58,0.00036050444698038553,27.62,0.03681433428980926,0.008919360211306493,0.06243552153918353,0.010070504247744125,0.07250602583184182,0.14903359396277732,0.11303403118402704,0.18503315524203973,0.9962657232704403,0.0030708631230430363,0.01609427109360695,8.919360211306492,0.10119249220147278,0.022102975518831284,0.154720828631819,0.07055194175757125,0.22527276955562317,0.2957312409833317,0.2784999875060884,0.31296251068165254,0.9883449893175583,0.007496060408426054,0.026820341672201257,22.102975518831283,1.1952550411224365
59,0.00034549150281252655,27.59,0.03670315123778188,0.008872980130367778,0.06211086100189941,0.010630493192651979,0.07274135430607032,0.14865854562922093,0.11243384188544825,0.18488324934956413,0.9960200471698113,0.0030516851232123545,0.016070208726040786,8.872980130367777,0.10345501813924673,0.021761117550807122,0.15232782329851652,0.053139455864161994,0.2054672765009331,0.29256877692151456,0.27456766655256143,0.3105698921880522,0.9906759916485607,0.007392785842975467,0.02658781320256092,21.76111755080712,1.0735923051834106
60,0.0003306310398773544,27.59,0.036591656377199314,0.008747712455678193,0.061233987340574746,0.013554691479284826,0.07478867854290414,0.1477765014758275,0.11103899918684045,0.18451400269877236,0.9951847484276729,0.0030140050781346014,0.016048860832837956,8.747712455678192,0.10090159160239158,0.0216254684509653,0.1513782800598578,0.05757582255951612,0.20895410323893274,0.28994007071692907,0.2722395252445083,0.30764061775240864,0.9918414928140618,0.007337531637148563,0.02641119015574594,21.625468450965304,1.1086044311523438
61,0.00031593772365766127,27.63,0.0372605266154937,0.008869489671006424,0.06208642784201499,0.0109255778215811,0.07301200579547282,0.14926871739374767,0.11260630975260674,0.18593112435543313,0.9966096698113207,0.0030613150634310857,0.016180191338413728,8.869489671006423,0.1008851812036582,0.02166875653264128,0.1516812938528183,0.06717680808904201,0.21885810267953051,0.2903970607093998,0.2730835192339682,0.3077106059709073,0.9895104904830595,0.007353723086069375,0.026388145457857694,21.66875653264128,1.3116143941879272
62,0.0003014260546826097,27.54,0.03558615225209099,0.008496761033545781,0.05947732745007899,0.010420904770679204,0.06989823227877137,0.1450137346045776,0.10749707093356915,0.18253039765470433,0.9966588050314465,0.0029208295346741455,0.01588041808620189,8.49676103354578,0.10116798320398741,0.02197482965296104,0.15382380693247824,0.08807888848634897,0.24190269705854653,0.2926749792340752,0.27728275166246996,0.3080672028111967,0.9871794881520571,0.007470911612955632,0.026438532158350334,21.974829652961038,1.0457935333251953
63,0.0002871103542174637,27.56,0.03499409378617533,0.008430678322735542,0.059014748383618004,0.009456064889625667,0.06847081311140796,0.144060584452917,0.10687558234628267,0.18124558626668258,0.9968062106918238,0.002903751846997407,0.0158034897432809,8.430678322735542,0.1012493725388478,0.021524737378482497,0.15067315964779376,0.08237325823686731,0.23304641858125344,0.2900740341359363,0.2707697029088761,0.30937838471019186,0.9883449893175583,0.007298042136950024,0.02656030567202257,21.524737378482495,1.3424469232559204
64,0.0002730047501302267,27.58,0.035424090936522254,0.008359188156835031,0.05851431722817181,0.010398174174989326,0.06891249147179367,0.14366599373847433,0.10614249093821214,0.1811894952266846,0.9964131289308176,0.002886419124467849,0.015763241806471685,8.359188156835032,0.09988765864869653,0.021734916320665456,0.15214441527367195,0.0983136272734131,0.250458044536186,0.2889682777694889,0.2730918418277394,0.30484471416278874,0.9871794881520571,0.007352899121758821,0.026153584735984708,21.734916320665455,1.1371257305145264
65,0.00025912316294914234,27.59,0.03409390698872366,0.008230281718450147,0.057611972187300145,0.009173087323336592,0.06678505944755841,0.14152631704818527,0.10465332045682571,0.17839931185890293,0.996560534591195,0.002843432683049578,0.015526643863428126,8.230281718450147,0.09852555197921944,0.021241982122297054,0.14869387630190883,0.06952802924722072,0.2182219078490784,0.2860915563601158,0.26646227669187916,0.30572084026597873,0.9895104904830595,0.007169439764541415,0.026202938282788496,21.241982122297053,1.1071653366088867
66,0.0002454792921248144,27.53,0.03271400474257908,0.007943513962797492,0.05560459758875505,0.00734719494476683,0.06295179246497229,0.1378660334871625,0.10086593868316344,0.17486612730712262,0.9976906446540881,0.002739081616109272,0.015196959807320774,7.943513962797493,0.09916444803590263,0.021312060551001474,0.1491844232752051,0.06222027935062444,0.21140469989298663,0.2870660363794207,0.2697964325581953,0.3043356493011221,0.9906759916485607,0.007254504679001017,0.026133590149921136,21.312060551001476,1.2656794786453247
67,0.00023208660251050164,27.55,0.03337100261834058,0.007948024852974515,0.055636174121649014,0.008736722684358864,0.06437289677326034,0.137464276883962,0.10098252677411404,0.17394602638464304,0.997248427672956,0.002741520226429328,0.015125142656407266,7.948024852974516,0.10112987379684593,0.021464423170109173,0.15025096124424522,0.07738705420224018,0.22763801676965817,0.28919875566220227,0.27060082895216686,0.3077966841437044,0.9906759916485607,0.007275411465133612,0.026391294478744894,21.464423170109175,1.3402748107910156
68,0.00021895831107393473,27.61,0.03515239244139513,0.008059634141764551,0.056417438927920734,0.005584091501545254,0.06200153037975981,0.14117372638118342,0.10267570426207294,0.17967174729367472,0.9982311320754716,0.002795310976912133,0.01565522921078329,8.059634141764551,0.10051799484795623,0.021506343071624672,0.15054440140585243,0.07926342954947263,0.22980783410839267,0.2890039585478656,0.27049002829409424,0.30751789012155334,0.9906759916485607,0.0072775697075091045,0.026379433962015007,21.50634307162467,1.222495675086975
69,0.00020610737385376356,27.61,0.03176656929166906,0.0077357000024087215,0.05414990003004014,0.006685471244903931,0.06083537116881062,0.1359461597957701,0.09842660412801511,0.17346571669357377,0.9976906446540881,0.0026758168556774327,0.015089929414292177,7.735700002408721,0.09993988489146,0.021608447464994896,0.15125913240692831,0.07652537245371234,0.22778450539617828,0.2894959806145488,0.27240001085477,0.3065919499227773,0.9895104904830595,0.007333386136926624,0.026320296841172073,21.608447464994896,1.2208970785140991
70,0.00019354647317351177,27.55,0.03299321801805834,0.007912025397420867,0.0553841778903075,0.00912771438331946,0.06451189235649393,0.13687226457415885,0.10048395110610521,0.17326057880367124,0.9968062106918238,0.002731812489658313,0.015078231636669088,7.912025397420867,0.10165239035180121,0.021256832583939834,0.1487978282265174,0.07267636735002646,0.2214741949295942,0.2884830351059253,0.26818918303037304,0.3087768771779009,0.9883449893175583,0.007219969017088135,0.026431182360315657,21.256832583939836,1.251564860343933
71,0.0001812880051256552,27.59,0.03216094365812042,0.0076780080408701355,0.05374605631537782,0.007167491010131468,0.06091354729947429,0.13500024146347675,0.0978024892344977,0.1721979923218301,0.9979363207547169,0.002661824331079967,0.014998599596954178,7.678008040870136,0.10150581224884464,0.021305555104340984,0.14913888602128952,0.08213440988365533,0.23127329418987105,0.2903085787952085,0.26973385539227157,0.3108833122017222,0.9895104904830595,0.007264726402320506,0.026629236776442515,21.305555104340986,1.2975788116455078
72,0.00016934406733817422,27.6,0.03129423155490332,0.007464398258020106,0.05225078793207429,0.005168464620671942,0.05741925263461077,0.13249435592091308,0.0948326540232267,0.1701560579708912,0.9983785377358491,0.0025776723940101154,0.014796442135512454,7.464398258020106,0.10177950098207503,0.02151878948794517,0.15063152450086909,0.07736692896487554,0.22799845244778896,0.2887879529129931,0.2710097470691988,0.30656616163976264,0.9883449893175583,0.007292956940933958,0.02622942964270676,21.51878948794517,1.2277255058288574
73,0.0001577264470356557,27.61,0.03125359908144616,0.00750967537187649,0.05256772766463787,0.004020893369784777,0.05658862118919691,0.1323409912252576,0.09538138145873756,0.16930059969144048,0.9985259433962265,0.0025916651031148838,0.014735193226088144,7.50967537187649,0.10102866133262506,0.021436777538978137,0.1500574442751202,0.09157189643079695,0.24162934300227043,0.288887704551081,0.27007139861444773,0.30770400694478084,0.9906759916485607,0.007265719767477545,0.02640310603699762,21.436777538978138,1.2895468473434448
74,0.00014644660940672634,27.59,0.030683410810833832,0.007332792969818854,0.051329550866342194,0.0057361909403199724,0.057065741785760946,0.1312416195400856,0.09321914464469601,0.16926409315856747,0.9980837264150944,0.00253856766847425,0.014739293356150764,7.332792969818854,0.10032667583484194,0.021371912740883015,0.1496033892556504,0.08056223862674557,0.23016562606349136,0.28841171811371696,0.27070202155685646,0.30612141845665336,0.9906759916485607,0.007275291518818387,0.02625750947422359,21.371912740883015,1.2499958276748657
75,0.0001355156862892944,27.62,0.03095631166683428,0.00729452320023106,0.0510616624411547,0.0041419343379619925,0.05520359678603943,0.13053360150295235,0.09278982168988986,0.16827738158545405,0.9983785377358491,0.002525083535810663,0.014642049239233791,7.294523200231059,0.09968802691513286,0.021363050956930314,0.14954135594737558,0.08142020284426646,0.23096155918839373,0.2870635714008536,0.27033139907674636,0.30379573882737637,0.9895104904830595,0.007273170257981494,0.026059043548115484,21.363050956930312,1.2710477113723755
76,0.00012494446518477025,27.55,0.031367461390371595,0.007408098907813242,0.0518566924586611,0.005197702352886852,0.05705439480923632,0.13172561466787597,0.09429731357069511,0.16915391662023352,0.9983294025157232,0.002565212646622281,0.014736828613885731,7.408098907813242,0.09950098431818968,0.0213699459135185,0.1495896202700955,0.07501692053297851,0.2246065428762725,0.2870950889545721,0.2696413600986654,0.304548806938536,0.9906759916485607,0.007252403588136246,0.026134145496052738,21.369945913518503,1.3566341400146484
77,0.00011474337861210548,27.55,0.030321240791195782,0.007168100651869047,0.05017670473587588,0.0052197204326771985,0.05539642516875042,0.12925957215938177,0.09123500479888991,0.16728413908642792,0.9983294025157232,0.0024854090228038344,0.014564886703829534,7.168100651869047,0.09818965932115531,0.020941862028899725,0.14659303428479287,0.07520767208728109,0.22180070729800316,0.2832623105018567,0.2642322704716996,0.30229233764546176,0.9906759916485607,0.0071068375712230215,0.025922022217185627,20.941862028899727,1.2217352390289307
78,0.00010492249381215483,27.57,0.03048031435951403,0.007098265233853797,0.04968785673215891,0.005440714344617359,0.055128571138067066,0.1284609062585441,0.09022199842821127,0.1666998137608639,0.9982311320754716,0.0024532860517648266,0.014497605691306622,7.098265233853796,0.09884244400686595,0.021219953186896852,0.1485396729899453,0.08359250883799207,0.23213217989270227,0.28587530386614635,0.26816668425684487,0.30358391236036253,0.9906759916485607,0.0072096221882737045,0.026033888716415647,21.219953186896852,1.1046900749206543
79,9.549150281252637e-05,27.59,0.030878520974854252,0.0071649839867304705,0.05015488806526241,0.003459743917007798,0.053614632015661245,0.13005879657261027,0.09131293620843932,0.16880465666734198,0.9988698899371069,0.0024872050395838728,0.014663123199130473,7.164983986730471,0.10028270169189482,0.02153035924967491,0.15071251455234203,0.08498228359084857,0.23569479973721894,0.2879958359442113,0.2717501205372644,0.30424155534564196,0.9895104904830595,0.007308385585649655,0.026052453088419976,21.530359249674913,1.3245575428009033
80,8.645971286271918e-05,27.57,0.030136966530186764,0.007034893970608524,0.049244257838189975,0.0025120530914686037,0.05175631089756886,0.1276600258249157,0.08953538668230644,0.16578466522524943,0.99906643081761,0.002437006421504343,0.014418204007494563,7.034893970608524,0.09916986581502539,0.021319601363513296,0.14923720725210673,0.08956760266514689,0.23880481157269512,0.2857330087876264,0.2690943517051377,0.3023716865719615,0.9906759916485607,0.007236724832292759,0.025957010100250477,21.319601363513296,1.2682607173919678
81,7.78360372489926e-05,27.6,0.029747813418741872,0.006948588606345016,0.04864012024148642,0.005131093378004839,0.05377121356392057,0.1269271695435797,0.08824283655428286,0.1656115011739656,0.9983785377358491,0.002404718938409556,0.014408161034866137,6.948588606345016,0.09844965414775834,0.021221727232659335,0.14855209001641728,0.09045322581263811,0.23900531340034414,0.2842654022095087,0.26772637727794113,0.3008044271410762,0.9906759916485607,0.007195036773654548,0.02580987863972054,21.221727232659337,1.2825428247451782
82,6.962898649802815e-05,27.51,0.030140787067254947,0.006990197460231541,0.04893138236219778,0.005607812781200441,0.05453919515060554,0.12686797008855538,0.08894687707084904,0.164789062344803,0.9981819968553459,0.002418627631894471,0.014337962786169172,6.990197460231541,0.09896823593647608,0.021387554218857994,0.14971288024406612,0.08163232162447173,0.23134520108049567,0.28548664924425954,0.27033077347111867,0.30064252102291666,0.9871794881520571,0.007272457022280682,0.02581258273155956,21.387554218857993,1.3627336025238037
83,6.184665997806824e-05,27.49,0.029478659083094425,0.006736259404482004,0.047153815966825816,0.0038277466739268877,0.05098156271935821,0.1248273641667651,0.08581517309934464,0.16383955594878527,0.9989190251572327,0.002340436593846143,0.014268420332070417,6.736259404482004,0.09830442700526375,0.021183465826726738,0.1482842601748891,0.0827357077864319,0.23101996562697671,0.2837764140053507,0.2674137780091146,0.3001390422210271,0.9895104904830595,0.00719204484452526,0.02575603356728187,21.18346582672674,1.3528574705123901
84,5.449673790581613e-05,27.63,0.02877752905793535,0.0067554905998913,0.04728843424024072,0.002508720046411321,0.04979715435970692,0.12438081010426365,0.08604169588934325,0.1627199247057708,0.9991647012578616,0.002342247237222937,0.014158153798103146,6.755490599891299,0.098334904716704,0.021105207398638026,0.14773645262409757,0.0819131694838911,0.22964962142886539,0.28395623260444697,0.26653804993018126,0.30137439547996697,0.9895104904830595,0.007164421189567703,0.02587937477689523,21.105207398638026,1.3954946994781494
85,4.758647376699034e-05,27.6,0.029437715653330088,0.006695133201930227,0.046865932450120176,0.003981619834189301,0.05084755232428792,0.12455616837496278,0.08537849010723941,0.1637338470878466,0.998624213836478,0.002325970728577074,0.014252570987848929,6.6951332019302265,0.10021825387448698,0.02137635534928812,0.14963448829167372,0.07506549700743279,0.22469998448045103,0.28640298330005787,0.2694767070955886,0.3033292615191364,0.9895104904830595,0.007242969837525994,0.02602060314589169,21.37635534928812,1.3198940753936768
86,4.112268715800956e-05,27.53,0.02918190533096123,0.00672910404801603,0.0471037283492913,0.0063993874769203846,0.05350311587230777,0.12472734494872813,0.08568009486972536,0.16377459562518312,0.9981328616352201,0.0023316075547990746,0.01424011662485277,6.72910404801603,0.09958345179027055,0.021379965954484083,0.14965976048738527,0.0891726292224532,0.23883238886341904,0.2861953637886159,0.26978554606159805,0.3026051850585671,0.9906759916485607,0.007251675680305783,0.02597510764301518,21.379965954484085,1.3332805633544922
87,3.511175705587434e-05,27.55,0.030233241758256587,0.006806114472524972,0.04764280139041022,0.004487563786861647,0.052130365193639915,0.12547901734334868,0.08693815112910555,0.16401988333501155,0.9988207547169812,0.0023669868143152374,0.01427836908296969,6.806114472524972,0.10023295530280867,0.021534368578162228,0.15074057890957607,0.08820439778140253,0.23894497731348852,0.28782632658670554,0.2720481584538947,0.3036044989571427,0.9906759916485607,0.00731589049556768,0.02605319581925869,21.534368578162226,1.356614351272583
88,2.9559615522887284e-05,27.59,0.02949537974547993,0.006704662619715076,0.04693263846467126,0.003224507426814727,0.05015714591919626,0.12462420972450725,0.08570621474265303,0.16354220344116852,0.9990172955974843,0.002335994941864819,0.014242994786480313,6.7046626197150765,0.0991335170808094,0.02135417923018649,0.14947925495865183,0.08336133973137448,0.23284059478130653,0.28579153759635134,0.2698792399434777,0.3017038470242685,0.9871794881520571,0.007259730103106557,0.025870443354328195,21.35417923018649,1.4014158248901367
89,2.447174185242324e-05,27.57,0.02932527476523376,0.00665376208277431,0.046576334632136535,0.0034827529637736086,0.05005908758033934,0.12426347168361616,0.08477210244105297,0.16375484141819882,0.9988698899371069,0.0023086152366016926,0.014237999368412127,6.65376208277431,0.09953289929699231,0.021353518829131737,0.14947463210785028,0.08147607073531105,0.23095070037530574,0.28595017403850465,0.26952417028117015,0.30237617223829655,0.9906759916485607,0.007246728399269161,0.025931466292668057,21.353518829131737,1.3907747268676758
90,1.9853157161528526e-05,27.61,0.027919411173078622,0.006518140846699383,0.045626986045507516,0.004190495724299912,0.04981748162880071,0.12171485429664827,0.0828771294451922,0.16055257810549167,0.9987716194968553,0.00225879437379457,0.013981000177632525,6.518140846699382,0.09994133543613908,0.021377473110050865,0.14964231379799076,0.08261295140384141,0.23225526292840917,0.28573592892893546,0.26963973316279327,0.30183212712650254,0.9906759916485607,0.00724966018536673,0.025890045254415288,21.377473110050865,1.385782241821289
91,1.570841943568452e-05,27.62,0.028596807830621424,0.006525865364995487,0.04568105756229012,0.003160322184964382,0.04884137977031792,0.12196958008802163,0.0834093293842842,0.16052983155321776,0.9990172955974843,0.0022716884041474486,0.013975709480520501,6.525865364995487,0.09910601244627179,0.021192461734155676,0.1483472322215845,0.08275649848352441,0.23110372856224612,0.28429215903326627,0.26735127899613415,0.3012330330613054,0.9906759916485607,0.007188104178825944,0.02586223714765691,21.192461734155675,1.3859063386917114
92,1.204161903062634e-05,27.56,0.029665067638182697,0.006617520695681092,0.04632264502791676,0.003247409063513248,0.04957005400913504,0.12404574559263463,0.0844377245074548,0.163653765670346,0.9989190251572327,0.0022986835475027,0.014249322449776737,6.617520695681092,0.09898586994110843,0.0213611663204112,0.14952816510256076,0.08053952040970824,0.23006768931042065,0.2846417104030822,0.2695589873132172,0.2997244263723458,0.9918414928140618,0.007246466209169799,0.025720766400332218,21.361166320411197,1.386919379234314
93,8.85637463565564e-06,27.57,0.02806254050770552,0.006394411533860103,0.044760880950814895,0.0027450152823054034,0.04750589628077153,0.12032106940476399,0.08179102608430311,0.15885111347496886,0.9989190251572327,0.0022255792670572796,0.01381382251849527,6.3944115338601035,0.09948104807546923,0.021345399736941276,0.1494177978807118,0.08678602319797457,0.23620381965225948,0.2857235999374123,0.26979860253545235,0.30164860445997377,0.9906759916485607,0.007253635280693953,0.02585204314258132,21.34539973694128,1.376999855041504
94,6.155829702431171e-06,27.56,0.028743751139128172,0.006601317281946071,0.046209221067340496,0.0029488890931042414,0.04915811011930869,0.12251153468804539,0.08451012694189008,0.16051294033726057,0.9991155660377359,0.0023044632530314323,0.014003205400124286,6.601317281946072,0.0991140706573194,0.021344415057615522,0.14941090624996553,0.08346218381543866,0.23287308931628586,0.28550077582294847,0.26986869891762455,0.3011328480738304,0.9883449893175583,0.007255707295407435,0.025817870781138227,21.34441505761552,1.450488567352295
95,3.942649342761118e-06,27.59,0.028640893630613135,0.006473795466166013,0.04531656842350772,0.002482937887087063,0.04779950632426724,0.1221828115576843,0.082624411198703,0.1617412117760886,0.9991155660377359,0.002252121417162319,0.014074850197787743,6.473795466166013,0.09903462312785617,0.021325813393631737,0.14928069431117644,0.08774010500562511,0.23702080266459005,0.2853607767042302,0.26952933170995513,0.30119221659251305,0.9906759916485607,0.007248119797366552,0.025838867854544055,21.325813393631737,1.3852096796035767
96,2.2190176984600023e-06,27.62,0.02882054753004099,0.006551455110370082,0.045860185867772914,0.0030819036922133556,0.0489420895083989,0.12304785899208777,0.08386833775999411,0.16222737994302744,0.9989190251572327,0.0022868302807434455,0.014123750226747877,6.551455110370082,0.09943320521420532,0.021291605576803357,0.149041239024598,0.08729628302845648,0.23633752044264253,0.2853863514734037,0.2692262439322083,0.3015464541170147,0.9906759916485607,0.007237454361796796,0.025858813584163472,21.291605576803356,1.375705361366272
97,9.866357858642206e-07,27.67,0.02773473840558304,0.006399731804856901,0.044798122935653106,0.0024158553029572307,0.047213978139953046,0.12067898873638057,0.08157733127287349,0.15978064608274015,0.9991647012578616,0.00222118504626571,0.013900278223994767,6.399731804856902,0.09872827205659349,0.02129093990042493,0.14903657763571174,0.08637205375069323,0.23540863512835025,0.28474880004679404,0.26906429863337317,0.3004332856559531,0.9895104904830595,0.007234635673862793,0.025777439910284566,21.29093990042493,1.4101755619049072
98,2.467198171342e-07,27.62,0.027514478098015365,0.006281866825994034,0.043973067880801436,0.0017683652831349391,0.04574143314886393,0.11960359498764733,0.0800908155528442,0.15911637391871628,0.9993612421383647,0.0021815783239508622,0.01383578656651314,6.281866825994034,0.09986529387273155,0.021397680808336306,0.1497837651025999,0.08797924150950232,0.23776300720401577,0.2862668485144079,0.2701025095297184,0.302431189478972,0.9906759916485607,0.00726143063408581,0.02595249619899374,21.397680808336307,1.376668930053711
99,0.0,27.63,0.028738751644327206,0.006405614569794925,0.04483930202517307,0.004152770046048374,0.04899207202120209,0.12178203025422756,0.08185031190045974,0.16171374910001485,0.9986733490566038,0.0022322433526955733,0.014083874672534143,6.405614569794926,0.09942503463659254,0.02129722479947936,0.1490805741651353,0.0899269454104059,0.23900751905007797,0.28501197258075633,0.26863919236721134,0.3013847625894702,0.9906759916485607,0.007223366370038205,0.025858882749518315,21.29722479947936,1.3794021606445312
