scene,0,1,2,3
0,0,,,
1,1,0,0,
2,0,,,
3,1,1,,
4,1,0,,
6,1,1,,
8,1,,,
9,1,1,1,
10,1,0,,
12,1,,,
13,1,,,
14,0,,,
15,1,,,
16,1,1,,
17,0,1,1,
18,1,,,
19,1,,,
20,1,1,,
21,1,1,,
22,1,1,1,
23,0,1,,
24,1,1,1,
25,1,1,,
26,1,0,1,
27,1,1,1,
28,1,1,,
29,1,1,,
31,1,,,
32,1,1,1,1
33,1,,,
34,1,1,,
35,1,1,1,
37,0,1,0,
38,1,1,,
40,1,0,0,
41,1,1,,
43,1,1,1,
48,0,,,
49,0,0,0,
52,1,1,0,1
53,1,0,1,
54,1,1,0,
55,1,1,1,
58,1,,,
60,1,,,
61,1,,,
62,1,,,
63,1,0,1,
64,1,1,,
65,0,,,
66,0,1,,
67,1,0,1,
72,0,,,
73,1,1,0,
74,1,1,,
75,1,1,,
76,1,,,
77,0,,,
78,1,1,,
79,0,1,,
80,0,,,
81,1,,,
82,1,,,
83,1,,,
84,0,1,0,
85,1,1,,
86,1,0,0,
87,1,,,
88,1,1,1,
90,1,0,0,
91,1,1,1,1
92,1,1,1,1
93,1,0,1,
94,1,0,0,1
95,1,1,1,1
96,1,1,1,
97,1,1,1,1
98,1,0,1,1
99,1,0,0,1
101,1,,,
102,1,0,,
103,1,1,,
104,1,0,0,1
105,1,1,0,
106,1,0,0,1
107,1,1,0,1
108,1,,,
109,1,1,1,
110,1,1,1,
112,1,1,,
113,1,0,,
114,1,0,1,
115,1,1,0,
120,0,1,,
121,0,0,0,
122,0,0,,
124,1,1,0,0
125,1,0,1,0
126,0,0,1,1
127,1,0,0,0
129,1,,,
132,1,1,0,1
133,1,0,1,1
134,1,1,1,1
135,1,1,0,1
136,1,1,,
137,0,0,1,
138,0,0,1,
139,1,1,,
140,1,1,,
141,0,,,
142,1,,,
143,1,,,
144,0,1,,
145,0,1,,
146,1,1,,
147,1,1,,
148,1,1,,
149,1,,,
150,1,,,
151,1,,,
152,1,1,,
154,1,1,,
156,1,,,
157,1,1,,
158,1,,,
159,1,1,,
160,1,1,1,
161,1,1,1,
162,1,0,1,
163,1,0,1,
164,1,0,,
165,1,0,1,1
166,1,1,0,
167,1,1,1,
168,1,1,1,
169,1,0,0,
170,1,0,1,1
171,1,0,0,
172,1,,,
173,0,,,
175,1,,,
176,1,0,1,1
177,1,1,0,1
178,1,1,0,1
179,1,0,1,1
181,1,,,
182,1,1,1,
183,0,,,
184,1,0,0,
185,1,,,
186,1,0,1,
187,0,0,0,
192,1,1,,
193,1,0,,
195,0,0,,
196,0,0,0,1
197,0,0,0,0
198,0,1,1,0
199,0,1,1,1
200,1,,,
201,0,,,
202,1,,,
203,1,,,
204,1,1,0,0
205,1,1,1,1
206,0,1,0,0
207,1,1,1,1
208,0,1,,
209,0,0,0,0
210,1,1,,
211,1,0,1,
212,1,0,,
213,1,,,
214,1,0,1,
215,1,,,
216,0,0,1,
217,0,0,,
218,0,0,0,
219,1,,,
221,0,,,
222,1,1,1,
223,1,0,,
224,1,1,1,
225,1,1,1,1
226,1,1,0,0
228,1,,,
229,0,1,1,
230,1,0,,
231,1,1,1,
232,1,0,0,
233,1,1,1,1
234,1,1,0,
235,0,1,0,0
236,1,1,1,
237,1,1,0,0
238,1,0,1,0
239,1,1,0,1
240,1,0,1,0
241,1,1,1,
242,1,1,0,0
243,1,1,1,1
244,1,1,,
245,1,,,
246,1,,,
247,1,,,
248,1,0,1,1
249,0,0,0,1
250,0,0,0,1
251,1,1,0,1
252,0,,,
253,0,0,0,
255,1,0,1,
256,1,1,,
257,1,0,,
258,0,1,,
259,1,1,,
264,1,1,,
265,0,1,0,
266,0,1,,
267,1,0,1,
268,1,0,,
269,0,1,0,1
270,0,1,,
271,0,1,1,0
272,1,,,
273,1,,,
275,1,,,
276,1,1,1,1
277,0,1,1,1
278,1,0,1,
279,1,0,0,0
280,1,0,,
281,1,1,0,0
282,0,,,
283,0,1,0,1
284,1,,,
285,1,1,,
286,1,1,,
287,1,1,,
288,0,1,,
289,0,1,,
290,1,1,,
291,1,0,,
292,1,,,
293,0,0,,
294,1,,,
295,0,1,0,
297,1,,,
298,1,1,1,
299,1,1,,
300,1,0,,
301,1,0,,
302,1,,,
303,1,0,,
304,1,,,
305,1,1,1,
306,1,1,0,1
307,1,1,,
308,1,1,1,
309,1,1,1,
310,0,1,,
311,1,,,
312,0,1,1,
313,1,1,1,
314,1,1,1,1
315,0,1,1,
316,1,0,0,
317,1,1,1,
318,1,1,,
319,1,,,
320,1,0,1,0
321,1,0,1,1
322,1,1,0,0
323,1,1,1,0
324,1,0,1,
326,1,,,
327,0,1,,
328,1,1,1,
329,1,1,,
330,0,0,,
331,0,0,,
336,1,1,1,
337,0,0,,
338,1,0,0,
339,0,0,,
340,0,1,,
341,1,1,,
342,1,0,0,1
343,0,1,,
345,1,,,
348,1,1,1,1
349,1,0,0,0
350,0,1,1,
351,1,1,0,
352,0,,,
353,0,1,,
354,0,,,
355,0,1,,
356,1,,,
357,0,1,1,
359,1,1,,
360,1,0,,
361,0,1,,
362,1,0,,
363,0,1,,
364,1,0,,
365,0,0,,
366,0,1,,
369,1,0,0,0
370,1,1,0,1
371,1,1,0,
372,1,0,,
373,1,0,,
374,1,1,0,
375,0,,,
376,1,0,,
377,1,1,1,1
378,1,1,1,
379,1,1,1,1
380,1,1,0,
381,1,0,0,
382,1,0,0,
383,1,1,1,1
384,1,1,0,
385,1,1,0,0
386,1,0,1,
387,1,0,1,1
388,1,1,,
390,0,,,
391,1,,,
392,1,0,1,0
393,1,1,0,1
394,1,1,1,
395,0,0,1,1
397,1,0,1,1
400,0,1,,
401,0,1,0,
402,1,1,,
408,0,1,,
409,0,,,
410,1,0,1,1
411,0,1,,
412,1,0,1,
413,0,1,1,
414,0,0,1,1
415,0,0,0,0
416,1,,,
419,1,,,
420,1,0,1,0
421,1,0,1,1
422,1,1,1,0
423,1,1,1,1
424,1,0,,
425,1,0,,
426,0,1,,
427,0,1,1,
428,1,,,
429,1,,,
431,1,,,
432,1,0,,
433,1,,,
434,0,1,,
435,1,1,,
436,1,1,,
437,0,,,
438,0,,,
439,1,1,0,
440,1,1,1,
441,1,1,,
442,1,1,1,
443,1,1,1,1
444,1,,,
445,1,1,1,
446,1,1,1,
447,1,,,
449,1,0,0,1
451,1,,,
452,1,1,0,1
453,1,1,1,1
454,1,1,1,1
455,1,1,1,1
456,1,1,1,1
457,1,1,1,1
458,1,0,1,
459,1,1,1,
460,1,,,
461,1,1,,
462,1,,,
464,1,1,0,1
465,1,1,1,
466,1,1,1,1
467,1,1,1,1
468,1,1,1,1
469,1,1,1,
470,1,1,1,
471,0,1,1,
472,1,1,,
473,1,1,,
474,1,0,1,
475,0,,,
480,1,1,1,
481,0,1,,
482,0,0,0,0
483,1,0,,
484,0,1,,
485,1,1,0,1
486,1,0,0,1
487,0,1,1,1
488,0,,,
489,1,,,
490,1,,,
491,1,,,
492,1,1,1,1
493,1,1,1,0
494,1,1,1,1
495,1,1,0,1
496,1,1,1,1
497,0,1,,
498,1,,,
499,1,1,0,
500,1,,,
502,1,1,,
503,1,1,,
504,0,1,0,
505,1,,,
506,0,1,1,
507,0,1,0,
508,1,0,,
509,1,1,,
510,1,1,1,
511,1,1,,
512,1,1,0,1
514,1,1,0,1
515,1,1,1,1
516,0,1,,
517,0,1,1,
518,1,,,
519,1,0,,
520,1,0,0,
521,1,1,1,
522,1,1,1,1
523,1,1,1,1
524,0,1,1,1
525,0,1,1,1
526,0,1,1,1
527,1,1,1,1
528,1,1,1,
529,1,1,,
530,1,1,1,1
531,1,1,1,1
532,1,0,,
533,1,1,1,
534,1,1,0,
535,1,,,
536,1,1,0,1
537,1,1,1,
538,1,1,1,1
539,1,1,1,
540,0,1,,
541,1,1,1,
542,1,1,1,
543,1,,,
544,0,0,0,
545,1,0,,
546,0,1,,
547,0,0,,
552,1,,,
553,1,,,
554,1,,,
555,0,,,
556,1,1,1,
557,0,1,0,0
558,0,1,1,1
559,0,1,0,0
561,1,,,
563,1,,,
564,1,0,0,
565,1,1,1,1
566,1,1,1,1
567,1,1,0,1
568,1,0,0,
569,1,0,,
570,0,0,0,
571,0,1,,
572,0,,,
573,1,,,
574,0,1,,
575,0,1,1,
576,0,0,0,
577,1,,,
578,0,0,,
579,1,0,1,
580,1,1,,
581,1,1,1,
582,1,1,1,
583,1,0,,
584,1,1,,
585,0,1,1,1
586,1,1,0,
587,1,1,0,1
588,1,0,,
589,1,,,
590,1,1,1,1
591,0,1,0,
592,1,1,0,1
594,1,,,
595,1,0,1,1
596,0,1,,
597,1,1,0,
598,1,1,1,0
599,0,1,1,1
600,1,1,1,
601,1,1,0,0
602,1,1,1,
603,1,1,,
604,1,1,,
605,1,1,,
606,1,0,,
607,1,,,
608,1,1,1,1
609,0,1,1,1
610,1,0,1,
611,1,0,1,
612,1,,,
613,0,0,,
614,0,0,1,1
615,1,,,
616,1,1,1,
617,1,1,1,
618,0,0,,
619,0,1,,
624,1,0,,
625,1,1,0,0
626,0,,,
627,1,0,0,
628,1,1,,
629,1,0,0,0
630,0,1,1,1
631,1,1,0,1
634,1,,,
636,1,1,0,1
637,1,0,1,0
638,1,1,1,
639,1,1,1,
641,0,1,,
642,1,1,0,
643,0,1,1,
644,1,1,,
645,1,,,
646,1,,,
647,0,,,
648,1,1,,
649,1,,,
650,0,1,,
651,1,1,,
652,1,,,
653,1,,,
654,1,1,,
655,1,1,,
656,1,0,1,0
657,1,1,1,0
658,1,1,1,
659,1,1,1,1
660,1,0,,
661,1,0,,
662,0,1,1,
663,1,1,0,
664,1,1,1,
665,1,1,0,1
666,1,0,0,
667,1,1,0,1
668,1,1,0,1
669,1,1,1,
670,0,1,0,
671,0,1,0,
672,1,1,1,1
673,1,0,1,1
674,1,1,0,1
675,1,1,1,1
676,0,1,1,
677,1,0,,
678,1,,,
679,1,1,,
680,1,1,0,1
681,1,1,1,1
682,1,0,1,1
683,1,1,0,0
685,1,1,1,
686,1,0,1,
687,1,1,1,
688,0,0,1,
689,0,0,0,
690,1,0,0,
691,1,0,1,
696,0,1,,
697,1,1,0,
698,1,0,1,
699,0,1,1,
700,1,0,1,1
701,0,1,1,0
702,1,0,0,1
703,0,1,0,1
704,0,,,
705,0,,,
708,1,1,1,0
709,1,1,0,1
710,1,0,1,1
711,1,1,0,1
712,1,0,,
713,1,0,1,
714,0,0,1,
715,1,,,
716,1,1,,
717,0,0,,
718,1,1,,
719,1,,,
