scene,0,1,2,3,4,5
0,1,,,,,
1,1,0,0,1,,
2,1,,,,,
3,1,1,,,,
4,1,0,,,,
6,1,,,,,
8,1,,,,,
9,1,1,,,,
10,0,1,,,,
12,1,1,,,,
14,1,,,,,
15,1,,,,,
16,1,1,1,,,
17,1,1,1,,,
19,1,,,,,
20,1,1,1,,,
21,1,1,,,,
22,1,1,,,,
23,1,0,0,0,,
24,1,1,1,,,
25,1,1,1,,,
26,1,0,,,,
27,1,1,,,,
28,1,,,,,
29,1,1,,,,
31,1,,,,,
32,1,,,,,
33,1,,,,,
34,1,1,0,1,,
35,1,1,1,,,
37,1,1,,,,
38,1,1,1,,,
40,0,,,,,
41,1,,,,,
43,1,,,,,
48,1,1,0,,,
49,1,1,1,,,
52,1,0,1,,,
53,0,0,,,,
54,0,0,,,,
55,1,,,,,
60,1,,,,,
61,1,1,,,,
62,1,1,1,,,
63,1,,,,,
64,1,1,,,,
65,0,,,,,
66,1,1,1,,,
67,1,0,1,,,
72,1,,,,,
73,1,1,,,,
74,1,,,,,
75,0,,,,,
76,0,1,0,1,,
77,1,,,,,
78,1,,,,,
79,1,,,,,
80,0,,,,,
81,1,,,,,
82,1,1,,,,
83,1,,,,,
84,1,,,,,
85,1,,,,,
86,0,1,1,,,
87,0,0,,,,
88,1,1,1,0,,
90,0,0,,,,
91,0,1,1,,,
92,1,1,1,,,
93,1,1,1,,,
94,1,0,0,,,
95,1,1,,,,
96,1,1,1,,,
97,1,1,1,1,,
98,1,0,1,1,,
99,1,1,1,1,,
101,1,,,,,
102,0,,,,,
103,1,,,,,
104,0,1,,,,
105,1,1,,,,
106,1,0,1,,,
107,1,0,1,,,
108,1,,,,,
109,1,0,1,,,
110,1,1,0,,,
112,0,0,,,,
113,0,,,,,
114,1,0,,,,
115,0,,,,,
120,1,0,0,,,
121,0,0,0,,,
122,1,0,1,,,
123,0,,,,,
124,0,0,0,1,,
125,1,1,1,0,,
126,1,0,1,,,
127,0,0,0,,,
129,1,,,,,
132,1,1,,,,
133,1,0,1,,,
134,1,1,1,1,,
135,1,0,,,,
136,1,1,1,,,
137,1,1,1,0,,
138,1,0,0,,,
139,1,1,1,,,
140,1,,,,,
141,0,0,,,,
144,1,0,,,,
145,1,,,,,
146,0,0,1,,,
147,0,1,,,,
148,1,,,,,
149,0,,,,,
151,0,0,,,,
152,1,0,,,,
154,1,1,,,,
156,1,,,,,
157,1,1,,,,
158,1,,,,,
159,0,1,,,,
160,1,1,,,,
161,0,1,,,,
162,1,1,0,,,
163,1,0,1,,,
164,0,1,1,0,,
165,0,1,1,,,
166,1,1,1,,,
167,0,1,1,,,
168,1,1,,,,
169,0,1,1,1,,
170,1,1,0,1,,
171,1,1,1,1,,
172,1,0,,,,
175,1,,,,,
176,1,1,0,,,
177,1,0,1,0,,
178,1,0,0,,,
179,0,1,0,,,
181,1,,,,,
182,1,0,,,,
183,1,,,,,
184,1,,,,,
185,0,,,,,
186,0,,,,,
187,0,,,,,
192,0,0,1,,,
193,0,0,1,,,
194,1,0,,,,
195,0,0,0,1,0,
196,1,0,0,1,,
197,1,1,1,0,,
198,0,1,,,,
199,1,1,1,1,,
201,0,,,,,
202,1,1,,,,
203,0,1,,,,
204,0,1,1,0,1,
205,1,0,0,,,
206,1,1,0,0,,
207,1,0,1,1,,
208,1,0,0,,,
209,0,1,0,,,
210,1,0,1,,,
211,0,1,1,,,
212,1,,,,,
216,0,1,,,,
217,0,,,,,
218,0,0,,,,
219,1,,,,,
220,0,,,,,
221,0,,,,,
222,1,,,,,
223,1,,,,,
224,0,,,,,
225,1,1,,,,
226,1,0,,,,
228,0,,,,,
229,1,,,,,
230,1,0,,,,
231,1,1,1,1,,
232,0,1,1,,,
233,1,1,1,1,1,
234,1,,,,,
235,1,1,0,1,,
236,1,1,0,,,
237,0,1,1,1,,
238,1,1,1,1,,
239,0,1,1,,,
240,0,1,1,1,,
241,0,1,1,,,
242,0,1,1,1,,
243,0,1,1,0,,
244,1,,,,,
245,1,,,,,
246,1,,,,,
247,1,,,,,
248,1,1,0,,,
249,0,1,1,,,
250,1,1,1,,,
251,0,0,1,,,
252,0,,,,,
253,1,1,,,,
255,1,1,,,,
256,1,,,,,
257,1,,,,,
258,1,,,,,
259,1,1,,,,
264,1,0,1,1,1,
265,1,1,,,,
266,1,1,0,1,,
267,1,0,1,0,,
268,0,0,,,,
269,1,0,0,,,
270,1,0,,,,
271,1,0,0,,,
273,1,,,,,
276,1,1,1,,,
277,0,1,1,,,
278,1,1,,,,
279,0,1,0,0,,
280,1,1,,,,
281,1,1,1,0,,
282,0,,,,,
283,0,0,0,,,
286,1,,,,,
287,1,,,,,
288,0,1,1,1,,
289,1,1,0,1,,
290,1,1,,,,
291,0,0,,,,
292,0,,,,,
294,1,1,,,,
295,1,1,,,,
297,1,,,,,
298,0,1,,,,
299,1,,,,,
300,0,1,,,,
301,0,,,,,
303,1,,,,,
304,1,1,1,,,
305,1,1,1,,,
306,0,1,1,,,
307,1,0,,,,
308,1,1,1,,,
309,1,1,1,0,1,
310,1,1,0,,,
311,1,1,0,,,
312,1,0,1,1,,
313,1,1,0,1,,
314,1,0,1,,,
315,1,0,,,,
316,1,0,1,,,
317,1,,,,,
318,0,1,,,,
319,1,,,,,
320,0,1,1,0,1,
321,1,0,0,1,,
322,1,1,0,,,
323,0,1,1,,,
324,1,,,,,
326,1,,,,,
327,0,0,,,,
328,1,,,,,
329,1,,,,,
330,0,1,,,,
331,0,,,,,
336,1,1,1,1,,
337,1,,,,,
338,0,1,0,,,
339,0,0,0,,,
340,1,1,,,,
341,0,1,1,0,,
342,1,1,,,,
343,1,1,0,,,
345,1,,,,,
348,1,1,1,,,
349,0,1,1,,,
350,1,0,1,,,
351,1,1,,,,
352,0,,,,,
353,0,0,,,,
354,1,1,,,,
355,0,0,,,,
357,0,,,,,
360,1,1,1,0,,
361,0,1,1,,,
362,0,1,,,,
363,1,1,,,,
364,1,1,,,,
365,0,,,,,
366,1,0,,,,
368,1,,,,,
369,1,,,,,
370,1,1,,,,
371,0,1,,,,
372,1,0,,,,
373,0,1,,,,
374,1,,,,,
375,0,0,,,,
376,0,0,,,,
377,1,1,1,,,
378,1,,,,,
379,1,1,1,1,1,
380,1,0,1,1,,
381,1,0,1,1,,
382,0,1,0,,,
383,0,1,1,0,1,
384,1,0,0,0,,
385,1,1,1,0,,
386,0,1,0,,,
387,0,1,0,1,1,
388,0,1,,,,
390,1,,,,,
391,1,,,,,
392,1,0,1,1,,
393,0,0,1,,,
394,1,0,1,1,0,
395,1,0,,,,
397,1,1,,,,
400,0,,,,,
401,0,,,,,
402,1,,,,,
408,0,0,0,,,
409,1,1,,,,
410,1,1,1,,,
411,0,0,0,,,
412,1,1,0,0,,
413,0,1,0,1,,
414,1,0,1,1,,
415,0,0,,,,
416,1,,,,,
419,1,,,,,
420,1,0,1,1,1,1
421,1,1,1,0,,
422,1,1,1,1,,
423,1,0,1,,,
424,1,0,,,,
425,1,1,1,,,
426,1,0,,,,
427,1,0,0,,,
431,1,,,,,
432,0,1,0,,,
433,0,,,,,
434,0,0,0,,,
435,1,,,,,
436,1,1,1,,,
437,0,,,,,
438,1,1,,,,
439,0,1,1,,,
440,1,,,,,
441,1,,,,,
442,1,,,,,
443,1,1,,,,
444,1,,,,,
445,0,1,,,,
446,0,1,,,,
447,1,,,,,
448,1,,,,,
449,1,1,1,,,
452,0,1,1,0,,
453,1,1,1,1,1,
454,0,1,1,1,1,
455,0,1,1,1,,
456,1,1,1,,,
457,0,1,1,1,,
458,1,1,0,1,,
459,1,1,1,,,
460,0,1,,,,
462,1,1,,,,
464,1,0,,,,
465,1,1,,,,
466,1,1,1,1,,
467,1,1,1,1,0,
468,0,0,0,1,,
469,1,0,1,,,
470,1,1,,,,
471,1,1,1,,,
472,1,,,,,
473,1,,,,,
474,1,,,,,
475,1,,,,,
480,1,1,,,,
481,1,1,,,,
482,1,1,,,,
483,0,0,1,1,,
484,1,0,,,,
485,1,1,1,0,1,
486,0,0,1,,,
487,1,0,,,,
488,1,,,,,
489,0,,,,,
490,1,,,,,
491,1,,,,,
492,1,0,1,,,
493,1,1,1,1,1,1
494,1,1,1,1,,
495,1,,,,,
496,0,1,1,,,
497,1,0,,,,
498,1,,,,,
499,0,1,0,,,
500,1,,,,,
502,1,1,,,,
503,1,,,,,
504,1,1,,,,
505,1,,,,,
506,0,1,,,,
507,1,0,1,,,
508,1,1,1,,,
509,1,1,,,,
510,1,,,,,
511,1,1,,,,
512,1,1,1,,,
514,1,1,,,,
515,1,1,,,,
516,0,1,,,,
517,1,,,,,
518,1,,,,,
519,1,1,,,,
520,0,0,1,,,
521,1,1,,,,
522,1,0,1,0,,
523,1,1,1,1,,
524,1,1,0,1,,
525,1,0,1,1,,
526,1,0,1,1,,
527,0,1,1,1,,
528,0,1,1,,,
529,0,1,1,,,
530,1,0,1,1,,
531,0,1,1,,,
532,1,1,,,,
533,1,0,1,,,
534,1,1,,,,
535,0,,,,,
536,1,0,0,,,
537,1,0,,,,
538,1,1,1,,,
539,1,1,0,,,
540,1,0,,,,
541,1,0,1,1,,
542,1,0,1,,,
543,1,,,,,
544,0,,,,,
545,1,,,,,
546,1,,,,,
547,1,,,,,
552,0,,,,,
553,1,1,1,,,
554,0,0,1,1,0,
555,0,1,1,0,,
556,1,1,0,,,
557,0,0,0,0,,
558,1,1,1,,,
559,1,1,1,,,
561,0,,,,,
563,1,,,,,
564,1,0,1,,,
565,1,1,,,,
566,0,1,1,,,
567,1,1,,,,
568,0,0,,,,
569,1,,,,,
570,1,1,0,,,
571,0,0,1,0,,
574,1,1,1,,,
575,1,,,,,
576,1,0,,,,
577,0,,,,,
578,1,0,1,,,
579,1,1,0,,,
580,0,1,,,,
581,1,1,,,,
582,0,1,,,,
583,0,,,,,
585,1,1,,,,
586,1,1,,,,
587,1,1,1,,,
588,1,,,,,
589,1,,,,,
590,1,1,,,,
591,1,1,,,,
592,1,1,1,,,
595,0,1,0,1,,
596,1,0,1,1,,
597,1,,,,,
598,0,1,1,1,,
599,1,0,1,1,,
600,0,0,1,1,,
601,1,1,1,1,,
602,0,0,1,1,,
603,1,0,,,,
604,1,1,1,1,,
605,1,1,,,,
606,1,1,,,,
608,1,0,,,,
609,1,0,1,,,
610,1,1,,,,
611,0,,,,,
612,1,,,,,
613,0,,,,,
614,1,1,,,,
615,0,,,,,
616,1,0,1,,,
617,1,,,,,
618,0,0,,,,
619,1,,,,,
624,0,0,1,,,
625,1,0,1,0,1,
626,0,0,,,,
627,0,0,1,,,
628,0,0,0,,,
629,0,0,0,,,
630,1,1,1,,,
631,1,0,0,1,,
634,1,,,,,
636,0,0,1,1,,
637,1,0,1,1,,
638,1,1,1,1,,
639,1,1,,,,
641,1,0,,,,
642,1,1,,,,
643,0,1,,,,
644,1,,,,,
647,1,,,,,
648,1,0,0,0,,
649,1,1,,,,
650,1,,,,,
651,1,1,,,,
652,1,,,,,
653,1,1,,,,
654,1,,,,,
655,1,1,,,,
656,1,,,,,
657,1,1,1,,,
658,1,1,,,,
659,1,1,1,,,
660,0,,,,,
661,1,,,,,
662,1,1,,,,
663,1,0,1,0,,
664,1,1,0,,,
665,1,0,0,1,,
666,1,1,0,1,,
667,1,1,1,0,,
668,1,0,0,0,1,
669,1,1,1,,,
670,1,1,0,,,
671,1,1,0,1,1,
672,1,1,1,,,
673,1,1,1,1,,
674,1,1,0,0,,
675,0,1,1,,,
676,1,1,,,,
678,1,,,,,
679,1,1,,,,
680,0,1,1,,,
681,1,1,0,0,,
682,1,1,1,1,,
683,0,0,,,,
685,1,1,0,,,
686,1,1,,,,
687,1,1,,,,
688,0,,,,,
689,1,0,,,,
690,1,1,,,,
691,1,1,,,,
696,0,1,0,,,
697,1,1,1,1,,
698,1,0,1,,,
699,1,0,0,1,,
700,1,1,0,,,
701,1,0,0,,,
702,1,0,0,,,
703,0,1,1,1,,
704,1,,,,,
705,0,,,,,
708,1,0,0,0,,
709,1,1,1,,,
710,1,1,0,1,,
711,1,1,0,,,
712,1,1,0,,,
713,1,1,,,,
714,1,0,0,,,
715,1,,,,,
716,1,1,,,,
717,0,,,,,
718,1,,,,,
