iter,buffer,beta,ei_hi,ei_lo,roll_succ,roll_len,roll_ret,critic_loss,q_mean,target_mean,actor_loss,pg_loss,bc_loss,grip_loss,aux_c,aux_a,lam,n_expert,roll_min_pos,roll_close,roll_skip,roll_miss,roll_timeout,roll_fail,exp_kept,exp_succ,eval_min_pos,eval_min_rot,eval_close,eval_miss,eval_timeout,eval_fail,q_pi,a_absmean,grip_logit,buf_pos,eval_succ,best_succ
0,334,0.5,24,22,0.3333,29.83,0.3333,0.08605584502220154,0.3542894423007965,0.3587803840637207,0.6952093839645386,-0.0996989831328392,0.044507112354040146,0.43526196479797363,0.0032494962215423584,0.01082528568804264,0.32693323493003845,64,0.0122,0.333,5,0,3,1,5,0.6,,,,,,,0.30495211482048035,0.6623310446739197,2.2310433387756348,0.01497,,-1.0
1,703,0.4921,24,22,0.0,30.0,0.0,0.1543899029493332,0.3329465687274933,0.34706616401672363,0.7191734910011292,-0.09939917176961899,0.060435086488723755,0.37229472398757935,0.0060488502494990826,0.013016311451792717,0.33994925022125244,64,0.0241,0.0,4,0,3,0,9,1.0,,,,,,,0.29239416122436523,0.6858938932418823,2.0929996967315674,0.01991,,-1.0
2,1063,0.4841,24,22,0.25,29.75,0.25,0.16817277669906616,0.38898277282714844,0.3654465079307556,0.5557979345321655,-0.09958773851394653,0.04446382448077202,0.4167771339416504,0.006583469454199076,0.005987235810607672,0.2595182955265045,64,0.0124,0.25,4,0,2,1,8,0.875,,,,,,,0.38374072313308716,0.6720425486564636,1.8455636501312256,0.0207,,-1.0
3,1522,0.4762,24,22,0.3333,30.0,0.3333,0.13031379878520966,0.3672099709510803,0.33873724937438965,0.5555394291877747,-0.0993364080786705,0.04227489233016968,0.4092453718185425,0.005083494354039431,0.0064432271756231785,0.28023800253868103,64,0.0091,0.333,1,0,4,0,9,0.889,,,,,,,0.3544715940952301,0.7056023478507996,2.0568325519561768,0.02102,,-1.0
4,1946,0.4683,24,21,0.6,30.0,0.6,0.061551474034786224,0.3903096318244934,0.3782312273979187,0.7115378379821777,-0.09965779632329941,0.027854323387145996,0.42956557869911194,0.0022990067955106497,0.013036857359111309,0.25699058175086975,64,0.013,0.6,2,0,4,0,4,1.0,,,,,,,0.38778775930404663,0.6348910927772522,1.8445700407028198,0.02158,,-1.0
5,2369,0.4603,24,21,0.25,29.62,0.25,0.05995398387312889,0.37243586778640747,0.3649211823940277,0.8933231234550476,-0.0979280024766922,0.03644530847668648,0.700702428817749,0.002320172032341361,0.008706324733793736,0.3234034478664398,64,0.0163,0.375,2,1,4,1,6,0.833,,,,,,,0.3028044104576111,0.6932135820388794,2.0751121044158936,0.02068,,-1.0
6,2814,0.4524,24,21,0.2857,29.86,0.2857,0.10043352842330933,0.4682987928390503,0.45830172300338745,0.5371190905570984,-0.09846468269824982,0.045728426426649094,0.3690014183521271,0.0038823469076305628,0.007005019579082727,0.27866512537002563,64,0.0137,0.286,1,0,5,0,8,0.875,,,,,,,0.3533441424369812,0.6625048518180847,1.8752307891845703,0.02061,,-1.0
7,3266,0.4444,24,21,0.6667,29.67,0.6667,0.039246395230293274,0.3943685293197632,0.38119950890541077,0.763973593711853,-0.09883588552474976,0.022038742899894714,0.6944752931594849,0.001458929036743939,0.0049702683463692665,0.2645535469055176,64,0.0189,0.667,1,0,1,0,12,0.75,0.1397,0.6557,0.021,0,47,0,0.3735949695110321,0.6323854923248291,2.0691280364990234,0.02113,0.0208,0.0208
8,3713,0.4365,24,21,0.0,29.25,0.0,0.048492539674043655,0.33751893043518066,0.34501394629478455,0.5408613681793213,-0.09914744645357132,0.026538416743278503,0.3761778473854065,0.0017630677903071046,0.00843016430735588,0.31137174367904663,64,0.009,0.0,1,0,7,1,7,0.714,,,,,,,0.31842145323753357,0.6513001322746277,2.0389838218688965,0.01993,,0.0208
9,4165,0.4286,24,21,0.0,30.0,0.0,0.040817297995090485,0.3291236460208893,0.32990068197250366,0.6717795133590698,-0.09976442158222198,0.0342012457549572,0.5458433628082275,0.0015383327845484018,0.006291924975812435,0.2721530497074127,64,0.0085,0.0,1,0,11,0,4,0.5,,,,,,,0.3665747046470642,0.5809899568557739,1.7878007888793945,0.01825,,0.0208
10,4621,0.4206,24,21,0.2857,29.86,0.2857,0.03484111651778221,0.27228474617004395,0.2758529484272003,0.4878922700881958,-0.09800969064235687,0.03257313370704651,0.40386897325515747,0.0012039714492857456,0.004675468895584345,0.3675183653831482,64,0.0192,0.714,1,3,2,0,8,0.875,,,,,,,0.2666797339916229,0.6969448924064636,1.9392564296722412,0.01839,,0.0208
11,4983,0.4127,24,21,0.0,30.0,0.0,0.029792478308081627,0.3304423689842224,0.3457317054271698,0.4564935266971588,-0.09819997847080231,0.052864931523799896,0.3350498378276825,0.001045851269736886,0.00455655250698328,0.37840065360069275,64,0.01,0.0,4,0,7,0,5,0.6,,,,,,,0.259513258934021,0.6326917409896851,2.160482883453369,0.01766,,0.0208
12,5318,0.4048,24,20,0.0,30.0,0.0,0.03171972185373306,0.32496076822280884,0.3258042335510254,0.5553100109100342,-0.09602952748537064,0.045961424708366394,0.43936604261398315,0.0011654954869300127,0.004802025388926268,0.36452388763427734,64,0.0083,0.0,5,0,6,0,5,0.8,,,,,,,0.26343822479248047,0.6425843834877014,1.8753221035003662,0.0173,,0.0208
13,5682,0.3968,24,20,0.0,30.0,0.0,0.033057987689971924,0.28006094694137573,0.28245046734809875,0.399530827999115,-0.09877368062734604,0.019224844872951508,0.36305975914001465,0.001186144887469709,0.00387180270627141,0.43468281626701355,64,0.0207,0.0,4,0,7,0,5,0.8,,,,,,,0.22723162174224854,0.6399165987968445,2.041968584060669,0.0169,,0.0208
14,6078,0.3889,24,20,0.1429,30.0,0.1429,0.03285520151257515,0.3231649696826935,0.32107624411582947,0.4205363988876343,-0.09772804379463196,0.03358110040426254,0.3718456029891968,0.0010893231956288218,0.003170265816152096,0.43443891406059265,64,0.027,0.143,3,0,6,0,6,0.833,0.1565,0.4886,0.0,0,48,0,0.2249523252248764,0.6324297189712524,2.1147117614746094,0.01678,0.0,0.0208
15,6437,0.381,24,20,0.0,30.0,0.0,0.02673296444118023,0.26967179775238037,0.2668151557445526,0.43204814195632935,-0.0980977714061737,0.021104734390974045,0.37502163648605347,0.0008496278896927834,0.004516591317951679,0.46155720949172974,64,0.0155,0.0,4,0,5,0,7,0.571,,,,,,,0.2125365436077118,0.6711379885673523,2.1822521686553955,0.01647,,0.0208
16,6797,0.373,24,20,0.0,28.0,0.0,0.017788715660572052,0.291382372379303,0.28752821683883667,0.7320090532302856,-0.09521207958459854,0.031864214688539505,0.6943408846855164,0.0005682060145772994,0.002766073914244771,0.3753524720668793,64,0.0057,0.0,4,0,3,1,8,1.0,,,,,,,0.2536604404449463,0.7429344058036804,2.1287784576416016,0.01677,,0.0208
17,7193,0.3651,24,20,0.0,29.25,0.0,0.020603418350219727,0.2703918516635895,0.27057546377182007,0.5006035566329956,-0.09448784589767456,0.021000254899263382,0.4261186718940735,0.0006793345091864467,0.005078890360891819,0.5314289927482605,64,0.0211,0.0,3,0,3,1,9,1.0,,,,,,,0.1777995526790619,0.6825230121612549,2.106288433074951,0.0171,,0.0208
18,7613,0.3571,24,20,0.0,30.0,0.0,0.02361004240810871,0.27911853790283203,0.2656303942203522,0.5694568157196045,-0.09690482914447784,0.02411024644970894,0.544225811958313,0.0008110725320875645,0.002956612501293421,0.40911659598350525,64,0.0169,0.0,2,0,7,0,7,0.857,,,,,,,0.23686359822750092,0.6668426990509033,2.0508651733398438,0.01694,,0.0208
19,8062,0.3492,24,19,0.0,29.22,0.0,0.020966263487935066,0.27815741300582886,0.25789016485214233,0.4361793100833893,-0.0927543044090271,0.04323989897966385,0.374300092458725,0.000670749053824693,0.0027261481154710054,0.5039838552474976,64,0.0195,0.0,1,0,8,1,6,1.0,,,,,,,0.18404221534729004,0.6696840524673462,1.9536962509155273,0.01675,,0.0208
20,8517,0.3413,24,19,0.0,30.0,0.0,0.028681177645921707,0.2832813858985901,0.2764440178871155,0.4119076728820801,-0.09941596537828445,0.02331017516553402,0.4056519865989685,0.0008441817481070757,0.002362052211537957,0.4472842812538147,64,0.0198,0.0,1,0,9,0,6,0.833,,,,,,,0.22226572036743164,0.6020693778991699,2.0742645263671875,0.01644,,0.0208
21,8945,0.3333,24,19,0.0,30.0,0.0,0.019605645909905434,0.29460394382476807,0.3047358989715576,0.5044046640396118,-0.09378713369369507,0.024616358801722527,0.4786379337310791,0.0005472925258800387,0.0028128447011113167,0.4233265817165375,64,0.0119,0.0,2,0,5,0,9,0.889,0.1504,0.4616,0.021,1,47,0,0.221547931432724,0.6567695140838623,1.975643277168274,0.01655,0.0,0.0208
22,9335,0.3254,24,19,0.125,29.38,0.125,0.022816544398665428,0.25594666600227356,0.24429795145988464,0.40344586968421936,-0.09681900590658188,0.025554999709129333,0.36412063241004944,0.0007869823020882905,0.003401370020583272,0.44628968834877014,64,0.0254,0.125,3,0,6,1,5,0.8,,,,,,,0.21694207191467285,0.6848308444023132,1.9469934701919556,0.01639,,0.0208
23,9731,0.3175,24,19,0.0,30.0,0.0,0.021658342331647873,0.23031207919120789,0.22116227447986603,0.5678039193153381,-0.09568536281585693,0.03662516921758652,0.5348640084266663,0.0006921590538695455,0.002214996377006173,0.4599452018737793,64,0.0205,0.0,3,0,7,0,6,0.833,,,,,,,0.20803643763065338,0.6221866607666016,2.070830821990967,0.01624,,0.0208
24,10128,0.3095,24,19,0.1667,30.0,0.1667,0.021392110735177994,0.32517045736312866,0.3472755253314972,0.35224688053131104,-0.09812651574611664,0.02047564834356308,0.38386836647987366,0.0007121603121049702,0.0010221499251201749,0.4543599784374237,64,0.013,0.167,3,0,5,0,7,0.857,,,,,,,0.21596643328666687,0.6384861469268799,2.043593168258667,0.01629,,0.0208
25,10556,0.3016,24,19,0.0,30.0,0.0,0.016662267968058586,0.2691265046596527,0.2731107175350189,0.4029742479324341,-0.09647100418806076,0.03248123824596405,0.37698984146118164,0.0005045523284934461,0.0022997171618044376,0.6323699951171875,64,0.0168,0.0,2,0,5,0,9,0.889,,,,,,,0.1525546759366989,0.7919377684593201,1.95280122756958,0.01639,,0.0208
26,10980,0.2937,24,19,0.0,30.0,0.0,0.016438573598861694,0.28000667691230774,0.2930564880371094,0.5072402954101562,-0.09627379477024078,0.05017935484647751,0.42113634943962097,0.00046122787171043456,0.0032807618845254183,0.5274571180343628,64,0.0256,0.0,2,0,9,0,5,0.6,,,,,,,0.1825243979692459,0.7364654541015625,2.0590686798095703,0.01603,,0.0208
27,11437,0.2857,24,18,0.125,30.0,0.125,0.019547322764992714,0.3192296028137207,0.2888249158859253,0.4557202458381653,-0.09948135912418365,0.055717792361974716,0.34141966700553894,0.0006452774978242815,0.004093854688107967,0.4825475811958313,64,0.0133,0.125,1,0,7,0,7,0.857,,,,,,,0.20615865290164948,0.5537500381469727,2.1362946033477783,0.016,,0.0208
28,11866,0.2778,24,18,0.0,30.0,0.0,0.012597528286278248,0.2644316256046295,0.26313304901123047,0.4107884168624878,-0.09648123383522034,0.037622734904289246,0.35761141777038574,0.0004001393972430378,0.0029765102081000805,0.5232563614845276,64,0.0211,0.0,2,0,5,0,9,1.0,0.1247,0.4283,0.062,3,45,0,0.18438617885112762,0.6590673923492432,1.993721604347229,0.01618,0.0,0.0208
29,12231,0.2698,24,18,0.1429,30.0,0.1429,0.017208747565746307,0.38077312707901,0.3585721552371979,0.4956841468811035,-0.09988352656364441,0.02616063319146633,0.46736398339271545,0.0005692939157597721,0.0030352973844856024,0.4841146469116211,64,0.0116,0.143,4,0,6,0,5,1.0,,,,,,,0.20632204413414001,0.6474708318710327,1.9891071319580078,0.01619,,0.0208
30,12658,0.2619,24,18,0.0,30.0,0.0,0.014089416712522507,0.2203485369682312,0.23375734686851501,0.4194270670413971,-0.09256201982498169,0.026972969993948936,0.421284556388855,0.00038240678259171546,0.0014703442575410008,0.5079420208930969,64,0.0114,0.0,2,0,6,1,7,1.0,,,,,,,0.18222948908805847,0.594010055065155,1.9460928440093994,0.0162,,0.0208
31,13054,0.254,24,18,0.0,30.0,0.0,0.016609715297818184,0.25646060705184937,0.25036346912384033,0.43720412254333496,-0.09530343860387802,0.0178480576723814,0.43988004326820374,0.0004711525689344853,0.002277255989611149,0.573562502861023,64,0.0443,0.0,3,0,5,0,8,0.875,,,,,,,0.16616050899028778,0.5670973062515259,1.9590046405792236,0.01624,,0.0208
32,13544,0.246,24,18,0.0,30.0,0.0,0.012063895352184772,0.22699931263923645,0.22947464883327484,0.38922154903411865,-0.09845903515815735,0.02423541247844696,0.38554489612579346,0.0003947973600588739,0.0021465951576828957,0.4995298385620117,64,0.0141,0.0,0,0,6,0,10,0.8,,,,,,,0.19710342586040497,0.7019414901733398,1.9086072444915771,0.01624,,0.0208
33,13966,0.2381,24,18,0.3,29.8,0.3,0.016438322141766548,0.24225255846977234,0.2532857656478882,0.4286002516746521,-0.0981147438287735,0.03475835174322128,0.4171273112297058,0.0005003699334338307,0.0016028386307880282,0.45637521147727966,64,0.0418,0.3,2,0,6,1,4,0.75,,,,,,,0.21498700976371765,0.7069655656814575,2.0896687507629395,0.01618,,0.0208
34,14393,0.2302,24,17,0.0,30.0,0.0,0.01602005958557129,0.20046181976795197,0.1982431411743164,0.7392736077308655,-0.0969863086938858,0.02239978313446045,0.7496122717857361,0.00048177794087678194,0.001673921593464911,0.7008076906204224,64,0.0248,0.0,2,0,6,1,7,1.0,,,,,,,0.13839218020439148,0.5773031115531921,2.0825538635253906,0.01619,,0.0208
35,14821,0.2222,24,17,0.0,30.0,0.0,0.01719694212079048,0.29116153717041016,0.29901039600372314,0.3638511598110199,-0.09829408675432205,0.03325991332530975,0.3574026823043823,0.0005900399992242455,0.001528909313492477,0.5354001522064209,64,0.0289,0.0,2,0,5,1,8,0.875,0.1099,0.3295,0.021,1,46,1,0.18358993530273438,0.6526694893836975,2.153191328048706,0.01619,0.0,0.0208
36,15277,0.2143,24,17,0.0,29.67,0.0,0.017466876655817032,0.2108922004699707,0.19688008725643158,0.3285333216190338,-0.09627233445644379,0.01969066634774208,0.3456666171550751,0.0005485867732204497,0.0015903082676231861,0.7466482520103455,64,0.0325,0.0,1,0,5,1,9,0.889,,,,,,,0.12893933057785034,0.6624698638916016,2.1368117332458496,0.01623,,0.0208
37,15731,0.2063,24,17,0.1,30.0,0.1,0.013690592721104622,0.22487396001815796,0.23942145705223083,0.4207414388656616,-0.09731876850128174,0.03445803374052048,0.4180910587310791,0.0003999888140242547,0.0012421231949701905,0.5650105476379395,64,0.025,0.1,1,0,9,0,5,0.6,,,,,,,0.1722424030303955,0.702020525932312,2.0657076835632324,0.01602,,0.0208
38,16152,0.1984,24,17,0.1667,30.0,0.1667,0.012739989906549454,0.2189144790172577,0.2245519459247589,0.5820290446281433,-0.09387321770191193,0.03004954569041729,0.561116099357605,0.0003885591868311167,0.002187483012676239,0.6933498382568359,64,0.0351,0.167,2,0,5,0,8,0.75,,,,,,,0.13539084792137146,0.6547209024429321,2.0848002433776855,0.01604,,0.0208
39,16609,0.1905,24,17,0.0,30.0,0.0,0.015131121501326561,0.18664425611495972,0.17855523526668549,0.40007340908050537,-0.09588813036680222,0.06331153213977814,0.3330063819885254,0.000509057950694114,0.0014532835921272635,0.784978985786438,64,0.0178,0.0,1,0,7,0,8,0.875,,,,,,,0.12215375155210495,0.644679069519043,2.119459390640259,0.01602,,0.0208
40,17030,0.1825,24,17,0.0,30.0,0.0,0.012156371027231216,0.2269136905670166,0.2415197193622589,0.40552759170532227,-0.0959348976612091,0.044516101479530334,0.3778574466705322,0.0002947649627458304,0.0013829140225425363,0.6190840601921082,64,0.0267,0.0,2,0,8,0,6,0.833,,,,,,,0.1549626588821411,0.6648445725440979,2.0715322494506836,0.01591,,0.0208
41,17427,0.1746,24,17,0.3333,30.0,0.3333,0.014856035821139812,0.2220737189054489,0.23645153641700745,0.7493174076080322,-0.08666861057281494,0.033805008977651596,0.7372727990150452,0.00042418763041496277,0.0012441282160580158,0.7454017996788025,64,0.018,0.333,3,0,4,0,7,1.0,,,,,,,0.1162709966301918,0.6942405700683594,2.053379774093628,0.01607,,0.0208
42,17822,0.1667,24,16,0.0,30.0,0.0,0.012075856328010559,0.22293712198734283,0.20943501591682434,0.31198906898498535,-0.0927848368883133,0.020932955667376518,0.32591795921325684,0.00033210788387805223,0.0014796018367633224,0.9265472292900085,64,0.0383,0.0,3,0,7,1,5,1.0,0.1163,0.3501,0.062,2,43,2,0.10014043748378754,0.6638585329055786,2.2649407386779785,0.01599,0.0208,0.0208
43,18188,0.1587,24,16,0.1667,30.0,0.1667,0.013306548818945885,0.24241232872009277,0.22753821313381195,0.6122761964797974,-0.0965638980269432,0.032147280871868134,0.6197693347930908,0.0003753343771677464,0.0009910475928336382,0.6554732918739319,64,0.0181,0.167,4,0,5,0,6,1.0,,,,,,,0.14731934666633606,0.5968589782714844,2.092245578765869,0.01605,,0.0208
44,18608,0.1508,24,16,0.0,29.83,0.0,0.0098256915807724,0.22786061465740204,0.2336907982826233,0.49420955777168274,-0.09558911621570587,0.030072595924139023,0.48451414704322815,0.00027142983162775636,0.0018055741675198078,0.6925222873687744,64,0.0262,0.083,2,1,10,1,2,1.0,,,,,,,0.13803038001060486,0.6485031843185425,1.9571787118911743,0.0158,,0.0208
45,19096,0.1429,24,16,0.0,30.0,0.0,0.015120131894946098,0.22226405143737793,0.21269334852695465,0.9169540405273438,-0.09932488948106766,0.07022975385189056,0.8161266446113586,0.0003741103282663971,0.002387713175266981,0.6380890011787415,64,0.034,0.0,0,0,8,0,8,0.875,,,,,,,0.15565992891788483,0.6574794054031372,2.0646543502807617,0.01576,,0.0208
46,19577,0.1349,24,16,0.0,29.75,0.0,0.010973675176501274,0.2677900195121765,0.2789875864982605,0.6630065441131592,-0.08565917611122131,0.07610157132148743,0.5309733748435974,0.00029714449192397296,0.00261956756003201,0.7149463295936584,64,0.0297,0.0,0,0,11,1,4,1.0,,,,,,,0.11981204152107239,0.5857044458389282,1.9541285037994385,0.01558,,0.0208
47,20002,0.127,24,16,0.0,30.0,0.0,0.00916144996881485,0.22967612743377686,0.2262115478515625,0.34996557235717773,-0.08334268629550934,0.04117339476943016,0.32695865631103516,0.0002571952936705202,0.0009601125493645668,1.1854079961776733,64,0.051,0.0,2,0,9,0,5,1.0,,,,,,,0.0703071653842926,0.6444084644317627,2.0958032608032227,0.0155,,0.0208
48,20427,0.119,24,16,0.0,30.0,0.0,0.011455359868705273,0.22581681609153748,0.22718340158462524,0.38885077834129333,-0.09261946380138397,0.03161050006747246,0.3858058750629425,0.00032829766860231757,0.0012977352598682046,0.6458360552787781,64,0.0313,0.0,2,0,6,0,8,0.75,,,,,,,0.14341017603874207,0.6349250078201294,2.0844507217407227,0.01547,,0.0208
49,20825,0.1111,24,15,0.0,30.0,0.0,0.016685185953974724,0.20745503902435303,0.21273504197597504,0.5759455561637878,-0.09519144147634506,0.0229955967515707,0.5855914950370789,0.0005969879566691816,0.0015821714187040925,0.7893927097320557,64,0.0201,0.0,3,0,5,0,8,1.0,0.1017,0.3302,0.021,1,46,1,0.12058819085359573,0.7259413599967957,2.155815601348877,0.01556,0.0,0.0208
50,21256,0.1032,24,15,0.0,30.0,0.0,0.008725261315703392,0.2643549144268036,0.26436012983322144,0.33217641711235046,-0.07744109630584717,0.014941750094294548,0.34840670228004456,0.0002482104755472392,0.001253092079423368,0.8484269976615906,64,0.0144,0.0,2,0,3,0,11,0.909,,,,,,,0.09127607941627502,0.6370248198509216,2.079505205154419,0.01571,,0.0208
51,21608,0.0952,24,15,0.0,30.0,0.0,0.025054194033145905,0.23122477531433105,0.2058229148387909,0.4227442145347595,-0.09018267691135406,0.03209060803055763,0.42315346002578735,0.00044074986362829804,0.001023688935674727,0.6565561890602112,64,0.0428,0.2,4,1,4,0,7,0.714,,,,,,,0.13735713064670563,0.5793546438217163,2.0149142742156982,0.01569,,0.0208
52,22061,0.0873,24,15,0.0,30.0,0.0,0.01470648217946291,0.22733592987060547,0.21392910182476044,0.3529668152332306,-0.09166347980499268,0.03501211851835251,0.3547550439834595,0.0003564205253496766,0.0007940394571051002,0.859693169593811,64,0.0516,0.0,1,0,7,0,8,0.75,,,,,,,0.10662347078323364,0.5945700407028198,2.1169888973236084,0.01564,,0.0208
53,22506,0.0794,24,15,0.0,29.0,0.0,0.009548718109726906,0.23280054330825806,0.22096054255962372,0.3792314827442169,-0.08631185442209244,0.01247782539576292,0.4186711013317108,0.00023922655964270234,0.0008766635437496006,0.8417481780052185,64,0.0422,0.0,1,0,8,2,5,1.0,,,,,,,0.1025388166308403,0.6447227597236633,2.0764048099517822,0.01555,,0.0208
54,22932,0.0714,24,15,0.0,30.0,0.0,0.011312855407595634,0.22066065669059753,0.22127580642700195,0.43896591663360596,-0.09562112390995026,0.044990576803684235,0.4232248067855835,0.0003565969818737358,0.0008552428334951401,0.7105700969696045,64,0.037,0.0,2,0,8,0,6,0.833,,,,,,,0.13456958532333374,0.6401467323303223,2.119328498840332,0.01548,,0.0208
55,23237,0.0635,24,15,0.0,30.0,0.0,0.016067979857325554,0.1982642412185669,0.18553948402404785,0.42032259702682495,-0.08963097631931305,0.05259069800376892,0.37488871812820435,0.0002758789632935077,0.0011953372741118073,0.9667335748672485,64,0.0442,0.0,6,0,5,0,5,0.8,,,,,,,0.09271527826786041,0.7279531359672546,2.175380229949951,0.01545,,0.0208
56,23633,0.0556,24,15,0.1429,30.0,0.1429,0.014757068827748299,0.22563108801841736,0.23602354526519775,0.39025211334228516,-0.08684265613555908,0.04091569781303406,0.3717847466468811,0.000400883232941851,0.0009391447529196739,0.9173972010612488,64,0.0357,0.143,3,0,6,0,6,1.0,0.111,0.2793,0.062,2,43,2,0.09466200321912766,0.6790904402732849,2.111607551574707,0.01549,0.0208,0.0208
57,23999,0.0476,24,14,0.0,30.0,0.0,0.014330483973026276,0.2044050395488739,0.19069555401802063,0.3246229887008667,-0.09753920137882233,0.03459904342889786,0.3273738622665405,0.0004145801649428904,0.0010236097732558846,1.029517412185669,64,0.0397,0.0,4,0,5,1,6,1.0,,,,,,,0.09474264085292816,0.5630382299423218,2.194080352783203,0.0155,,0.0208
58,24458,0.0397,24,14,0.0,30.0,0.0,0.011394955217838287,0.21793681383132935,0.21515196561813354,0.3880841135978699,-0.08634662628173828,0.03098776936531067,0.39298397302627563,0.0003592594002839178,0.0007788495277054608,0.6928571462631226,64,0.0456,0.0,1,0,6,0,9,0.889,,,,,,,0.12462399899959564,0.6756150126457214,2.0601210594177246,0.01554,,0.0208
59,24869,0.0317,24,14,0.0,28.91,0.0,0.010533804073929787,0.21414871513843536,0.2104172557592392,0.43480873107910156,-0.08928173780441284,0.061640724539756775,0.3716859221458435,0.0002642228500917554,0.0011649240041151643,0.8676910400390625,64,0.0704,0.0,2,0,9,2,3,1.0,,,,,,,0.10289576649665833,0.646914005279541,2.1182785034179688,0.0154,,0.0208
60,25297,0.0238,24,14,0.0,30.0,0.0,0.024267081171274185,0.2040109634399414,0.20379245281219482,0.5241841077804565,-0.09641014784574509,0.0392572320997715,0.4436108469963074,0.0008463466656394303,0.003938757814466953,0.7167194485664368,64,0.0393,0.0,2,0,6,0,8,1.0,,,,,,,0.1345158815383911,0.6944259405136108,2.0791239738464355,0.01546,,0.0208
61,25661,0.0159,24,14,0.0,29.4,0.0,0.013136785477399826,0.25042492151260376,0.2617981433868408,0.4476845860481262,-0.09600462019443512,0.03522282838821411,0.45163261890411377,0.00042249629041180015,0.0008644367917440832,1.0100948810577393,64,0.0415,0.0,4,0,4,1,7,0.857,,,,,,,0.09504514932632446,0.5977477431297302,1.995635986328125,0.01547,,0.0208
62,26118,0.0079,24,14,0.0,30.0,0.0,0.009624626487493515,0.18631532788276672,0.1917078197002411,0.39456906914711,-0.091901496052742,0.04808507487177849,0.37182897329330444,0.0002420468517811969,0.0007388575468212366,0.7698984146118164,64,0.0566,0.125,1,1,7,0,7,1.0,,,,,,,0.11936832964420319,0.7110149264335632,2.1627514362335205,0.01547,,0.0208
63,26544,0.0,24,14,0.1429,29.86,0.1429,0.021870296448469162,0.21231776475906372,0.20922043919563293,0.3579493761062622,-0.08796277642250061,0.02528698369860649,0.3712455630302429,0.0007811436662450433,0.0009637043694965541,0.9570567011833191,64,0.0352,0.143,2,0,5,1,7,1.0,0.0974,0.2526,0.042,1,46,0,0.09190967679023743,0.6324646472930908,2.1551437377929688,0.01552,0.0208,0.0208
64,26971,0.0,24,13,0.1429,30.0,0.1429,0.010780560784041882,0.21357214450836182,0.2165643274784088,0.4942770302295685,-0.09653973579406738,0.02832688018679619,0.5098189115524292,0.00031707261223345995,0.0009737633517943323,0.7780431509017944,64,0.037,0.143,2,0,6,0,7,1.0,,,,,,,0.12408018112182617,0.6604952216148376,2.0078330039978027,0.01557,,0.0208
65,27335,0.0,24,13,0.0,30.0,0.0,0.010142715647816658,0.20123133063316345,0.19958621263504028,0.4783899486064911,-0.0895889475941658,0.07555130124092102,0.37484872341156006,0.0003180437197443098,0.0016811029054224491,0.8830973505973816,64,0.0503,0.0,4,0,8,0,4,1.0,,,,,,,0.10144855082035065,0.6948776245117188,1.9824810028076172,0.01551,,0.0208
66,27790,0.0,24,13,0.1111,29.89,0.1111,0.010399124585092068,0.23206734657287598,0.23630574345588684,0.40741732716560364,-0.09573058784008026,0.0351400151848793,0.4178338348865509,0.0003024837060365826,0.0006013616803102195,0.8236479163169861,64,0.0477,0.111,1,0,8,0,6,1.0,,,,,,,0.11622756719589233,0.6453716158866882,2.0625667572021484,0.01551,,0.0208
67,28250,0.0,24,13,0.2,30.0,0.2,0.012299707159399986,0.19519083201885223,0.1887657642364502,0.36561810970306396,-0.08974521607160568,0.027902882546186447,0.37126728892326355,0.00038014803430996835,0.0011316105956211686,0.9333299994468689,64,0.0433,0.2,1,0,4,0,10,1.0,,,,,,,0.09615592658519745,0.6488819122314453,2.1157736778259277,0.01565,,0.0208
68,28706,0.0,24,13,0.1111,30.0,0.1111,0.011686014011502266,0.161577045917511,0.1648627519607544,0.5218415260314941,-0.08825685828924179,0.044086702167987823,0.4770464301109314,0.0003832850488834083,0.0017951407935470343,1.1376163959503174,64,0.0375,0.111,1,0,8,0,6,1.0,,,,,,,0.0775805115699768,0.6553493738174438,2.0266995429992676,0.01564,,0.0208
69,29165,0.0,24,13,0.0,30.0,0.0,0.009238897822797298,0.19021593034267426,0.18774622678756714,0.41658473014831543,-0.0900433287024498,0.05330837517976761,0.3727026581764221,0.00026004703249782324,0.0010923451045528054,1.0582141876220703,64,0.0453,0.0,1,0,5,1,9,0.889,,,,,,,0.08508989214897156,0.6394124031066895,2.070110321044922,0.01567,,0.0208
70,29642,0.0,24,13,0.0,30.0,0.0,0.011077001690864563,0.18628641963005066,0.16347156465053558,0.450377881526947,-0.09907788783311844,0.0537492036819458,0.4223189353942871,0.0003035514091607183,0.0007855373551137745,0.5190625190734863,64,0.0608,0.0,0,0,6,1,9,0.667,0.0739,0.214,0.146,3,40,1,0.1908785104751587,0.7695844173431396,1.9470410346984863,0.01562,0.0833,0.0833
71,30133,0.0,24,13,0.0,30.0,0.0,0.01126429159194231,0.2126142382621765,0.20870041847229004,0.5316897630691528,-0.0799364224076271,0.1055157333612442,0.37170639634132385,0.0003472479002084583,0.0011555346427485347,0.9935881495475769,64,0.0545,0.0,0,0,5,0,11,1.0,,,,,,,0.08045227825641632,0.6456936597824097,2.0644731521606445,0.01573,,0.0833
72,30553,0.0,24,12,0.0,28.67,0.0,0.01181715540587902,0.23798683285713196,0.23311567306518555,0.3747013509273529,-0.09311926364898682,0.0399181954562664,0.37218809127807617,0.00037683930713683367,0.0006318453815765679,0.9732730984687805,64,0.066,0.0,2,0,5,1,8,1.0,,,,,,,0.09567639231681824,0.702553391456604,2.0596790313720703,0.01578,,0.0833
73,30980,0.0,24,12,0.1429,30.0,0.1429,0.009306160733103752,0.2147665172815323,0.22637325525283813,0.5236935615539551,-0.08709649741649628,0.04044416919350624,0.5042157769203186,0.00026998401153832674,0.0010274375090375543,1.0302528142929077,64,0.0371,0.143,2,0,6,0,7,1.0,,,,,,,0.08453895151615143,0.6018616557121277,2.094475030899048,0.01582,,0.0833
74,31437,0.0,24,12,0.125,30.0,0.125,0.010103898122906685,0.2036706656217575,0.20409075915813446,0.41530877351760864,-0.09258385002613068,0.056695736944675446,0.37147408723831177,0.0003074205305892974,0.0009210825664922595,0.8600093722343445,64,0.0596,0.125,1,0,7,0,7,0.857,,,,,,,0.10765445977449417,0.6979312896728516,2.1230404376983643,0.01581,,0.0833
75,31920,0.0,24,12,0.0,29.82,0.0,0.013592774979770184,0.2151055485010147,0.19926470518112183,0.342434287071228,-0.09606969356536865,0.022007664665579796,0.3728886544704437,0.0003131886478513479,0.0008640002342872322,0.9903077483177185,64,0.0734,0.0,0,0,10,1,5,1.0,,,,,,,0.09700992703437805,0.7079393863677979,2.138866424560547,0.01573,,0.0833
76,32377,0.0,24,12,0.1429,29.86,0.1429,0.013375142589211464,0.18285247683525085,0.19240742921829224,0.5071576237678528,-0.09142588078975677,0.05027543008327484,0.47748038172721863,0.00043970817932859063,0.0008220906602218747,1.1580184698104858,64,0.0349,0.143,1,0,6,0,8,0.75,,,,,,,0.07895027846097946,0.644301176071167,2.1015512943267822,0.01572,,0.0833
77,32738,0.0,24,12,0.125,29.62,0.125,0.011448931880295277,0.21854092180728912,0.2215653359889984,0.6178999543190002,-0.09950877726078033,0.15859776735305786,0.3753350079059601,0.0002800994843710214,0.0009951291140168905,0.7533275485038757,64,0.0475,0.125,4,0,7,0,4,0.75,0.0676,0.2478,0.188,4,37,2,0.13209229707717896,0.7648499011993408,2.1036417484283447,0.01567,0.1042,0.1042
78,33193,0.0,24,12,0.0,29.33,0.0,0.06982391327619553,0.20653200149536133,0.20615032315254211,0.48915496468544006,-0.08889631927013397,0.11056383699178696,0.33337438106536865,0.0027182213962078094,0.0009419696871191263,1.0468993186950684,64,0.064,0.0,1,0,5,1,9,1.0,,,,,,,0.08491391688585281,0.7421981692314148,2.114591598510742,0.01573,,0.1042
79,33551,0.0,24,11,0.0,27.5,0.0,0.011875826865434647,0.19239541888237,0.18688839673995972,0.40136265754699707,-0.09137783944606781,0.05073593184351921,0.3724191188812256,0.00033133861143141985,0.0007539807702414691,0.9020944833755493,64,0.072,0.0,4,0,3,1,8,0.875,,,,,,,0.10129519551992416,0.7061988711357117,2.170442581176758,0.01577,,0.1042
80,33993,0.0,24,11,0.0,30.0,0.0,0.014748592860996723,0.21719670295715332,0.21864864230155945,0.5236583948135376,-0.09179407358169556,0.06741359084844589,0.462721586227417,0.00038482469972223043,0.0007161483517847955,1.1228535175323486,64,0.0478,0.0,1,0,7,0,8,0.75,,,,,,,0.08175070583820343,0.7014139890670776,1.9651111364364624,0.01574,,0.1042
81,34418,0.0,24,11,0.0,29.88,0.0,0.03518630564212799,0.1853746473789215,0.1809985488653183,0.5767091512680054,-0.0989365428686142,0.0932573676109314,0.4671937823295593,0.001274321461096406,0.0008774874731898308,0.7204650044441223,64,0.0454,0.0,2,0,7,1,6,1.0,,,,,,,0.13732317090034485,0.6845704913139343,2.064924716949463,0.01572,,0.1042
82,34867,0.0,24,11,0.1,29.4,0.1,0.01065642200410366,0.23868879675865173,0.24169829487800598,0.40232622623443604,-0.09258157014846802,0.02743871510028839,0.419635146856308,0.00029738276498392224,0.0008158082491718233,0.98686283826828,64,0.0484,0.1,1,0,7,2,5,0.8,,,,,,,0.09381403028964996,0.6869856715202332,2.066464424133301,0.01566,,0.1042
83,35287,0.0,24,11,0.0,29.44,0.0,0.013224124908447266,0.2349865436553955,0.23921623826026917,0.38405153155326843,-0.0945640504360199,0.06538699567317963,0.32611769437789917,0.00038245608448050916,0.0008689560345374048,0.8104815483093262,64,0.0484,0.0,2,0,8,1,5,1.0,,,,,,,0.11667636781930923,0.7012350559234619,2.16709566116333,0.01561,,0.1042
84,35743,0.0,24,11,0.0,30.0,0.0,0.015106715261936188,0.18552358448505402,0.1818035989999771,0.5120948553085327,-0.09401565045118332,0.06136470288038254,0.4662277102470398,0.00042277007014490664,0.0006861361907795072,0.8673380017280579,64,0.0485,0.0,1,0,8,0,7,0.857,0.1011,0.2528,0.042,0,45,1,0.10839562863111496,0.6560038924217224,1.9476418495178223,0.01558,0.0417,0.1042
85,36226,0.0,24,11,0.1,29.7,0.1,0.009950931183993816,0.19762611389160156,0.21738675236701965,0.35051020979881287,-0.07902635633945465,0.04060495272278786,0.32559454441070557,0.00025815944536589086,0.0009092843974940479,1.780787706375122,64,0.0426,0.1,0,0,9,0,6,0.833,,,,,,,0.04437719285488129,0.6648916602134705,2.2043676376342773,0.01554,,0.1042
86,36673,0.0,24,11,0.0,30.0,0.0,0.009334869682788849,0.20165008306503296,0.18500065803527832,0.3840279281139374,-0.09352144598960876,0.06446368992328644,0.32583123445510864,0.00020473983022384346,0.0009116306900978088,1.0550066232681274,64,0.0576,0.0,1,0,6,0,9,0.889,,,,,,,0.08864536881446838,0.6954614520072937,2.152925729751587,0.01557,,0.1042
87,37130,0.0,24,10,0.3333,29.67,0.3333,0.00866626761853695,0.181956946849823,0.17495068907737732,0.42680221796035767,-0.0932035967707634,0.06508021056652069,0.3715851306915283,0.00023184421297628433,0.0007304104510694742,1.2691516876220703,64,0.0474,0.333,1,0,4,0,9,1.0,,,,,,,0.07343770563602448,0.6910991668701172,2.1080901622772217,0.01567,,0.1042
88,37557,0.0,24,10,0.0,30.0,0.0,0.008054645732045174,0.1771901249885559,0.1801404356956482,0.5940362215042114,-0.09102411568164825,0.11727413535118103,0.41762635111808777,0.0002205166529165581,0.0013154291082173586,0.801396369934082,64,0.0542,0.0,2,0,7,0,7,1.0,,,,,,,0.11358188837766647,0.6558318734169006,2.0611624717712402,0.01568,,0.1042
89,37979,0.0,24,10,0.2727,29.91,0.2727,0.0071320487186312675,0.21334342658519745,0.2103283703327179,0.3965160548686981,-0.09257952868938446,0.049303337931632996,0.36327967047691345,0.00020915282948408276,0.0010883702198043466,1.0350008010864258,64,0.0594,0.273,2,0,8,0,3,1.0,,,,,,,0.08944875001907349,0.6806197166442871,2.0456275939941406,0.01567,,0.1042
90,38379,0.0,24,10,0.0,30.0,0.0,0.021137913689017296,0.24831025302410126,0.25031009316444397,0.2989261746406555,-0.09758957475423813,0.02721177600324154,0.3274970054626465,0.00042740715434774756,0.0005838073557242751,1.339044451713562,64,0.0699,0.0,3,0,3,0,10,1.0,,,,,,,0.07288001477718353,0.6857577562332153,2.1444501876831055,0.01576,,0.1042
91,38777,0.0,24,10,0.0,30.0,0.0,0.006874946411699057,0.19462089240550995,0.21062277257442474,0.35597681999206543,-0.08716283738613129,0.04729800671339035,0.3257160186767578,0.0001888060651253909,0.0009131045662797987,1.1304590702056885,64,0.0605,0.0,3,0,5,0,8,0.875,0.0729,0.2112,0.083,1,40,4,0.07710392773151398,0.739679753780365,2.1821939945220947,0.01578,0.0625,0.1042
92,39261,0.0,24,10,0.0,29.91,0.0,0.017729848623275757,0.16546854376792908,0.16938377916812897,0.6482328176498413,-0.09194065630435944,0.12557724118232727,0.46487337350845337,0.0006201982614584267,0.0009658233029767871,0.746950089931488,64,0.0494,0.0,0,0,10,1,5,1.0,,,,,,,0.12308808416128159,0.7401546239852905,2.0307483673095703,0.01572,,0.1042
93,39657,0.0,24,10,0.0,30.0,0.0,0.013018246740102768,0.18798476457595825,0.1953475922346115,0.38279905915260315,-0.09264178574085236,0.03853452205657959,0.37187543511390686,0.00042356111225672066,0.001059854868799448,0.8098918199539185,64,0.0586,0.0,3,0,7,0,6,1.0,,,,,,,0.11438784003257751,0.725075900554657,2.166233539581299,0.01571,,0.1042
94,39959,0.0,24,9,0.0,30.0,0.0,0.009379341267049313,0.20651289820671082,0.19329021871089935,0.41326630115509033,-0.09064104408025742,0.06351762264966965,0.35238727927207947,0.000271777156740427,0.0009793919743970037,1.2540698051452637,64,0.0311,0.0,6,0,8,0,2,1.0,,,,,,,0.0722775086760521,0.6710143089294434,2.095216989517212,0.01564,,0.1042
95,40414,0.0,24,9,0.2857,29.57,0.2857,0.013106008991599083,0.17666120827198029,0.16887956857681274,0.44561660289764404,-0.0954393595457077,0.053551994264125824,0.41762256622314453,0.000323580956319347,0.0006531765684485435,1.0686994791030884,64,0.0377,0.286,1,0,4,1,8,1.0,,,,,,,0.08930420875549316,0.6322526931762695,1.9980565309524536,0.01571,,0.1042
96,40867,0.0,24,9,0.0,29.43,0.0,0.01267843134701252,0.21399472653865814,0.21223321557044983,0.36394569277763367,-0.09026217460632324,0.0524631068110466,0.3254515528678894,0.0003820892015937716,0.0009532035910524428,1.7187254428863525,64,0.0381,0.0,1,0,6,1,8,0.875,,,,,,,0.05251692607998848,0.7531293630599976,2.181915760040283,0.01571,,0.1042
97,41319,0.0,24,9,0.2,30.0,0.2,0.014638666063547134,0.2324216514825821,0.2059544324874878,0.42636966705322266,-0.09534154832363129,0.03957559913396835,0.42246007919311523,0.0004093868483323604,0.000803997041657567,0.8179453015327454,64,0.0483,0.2,1,0,4,0,10,0.7,,,,,,,0.11656224727630615,0.7074359655380249,2.020827293395996,0.01573,,0.1042
98,41716,0.0,24,9,0.3333,30.0,0.3333,0.008212143555283546,0.1914711892604828,0.18523114919662476,0.5281116366386414,-0.09436491131782532,0.08019428700208664,0.42375558614730835,0.00022841653844807297,0.0015332952607423067,0.8883830904960632,64,0.0305,0.333,3,0,3,1,7,1.0,0.0518,0.2555,0.271,2,32,3,0.10622097551822662,0.6787903308868408,2.0667431354522705,0.0158,0.2292,0.2292
99,42081,0.0,24,9,0.0,30.0,0.0,0.012156113050878048,0.22435007989406586,0.22947610914707184,0.3905397653579712,-0.09535617381334305,0.03948869928717613,0.3939065933227539,0.0003975163272116333,0.0005204771878197789,1.1281781196594238,64,0.0446,0.0,4,0,7,0,5,1.0,,,,,,,0.08452227711677551,0.6141066551208496,2.0159332752227783,0.01578,,0.2292
100,42466,0.0,24,9,0.25,28.75,0.25,0.0068234968930482864,0.1814069002866745,0.17417533695697784,0.5212547183036804,-0.08993750065565109,0.031239628791809082,0.5312616229057312,0.00018005275342147797,0.0006980536272749305,1.196799635887146,64,0.0428,0.25,3,0,5,1,5,0.8,,,,,,,0.0751483291387558,0.6734228134155273,2.027238368988037,0.01578,,0.2292
101,42828,0.0,24,9,0.2222,29.89,0.2222,0.008893728256225586,0.18510080873966217,0.17505484819412231,0.4740867614746094,-0.09803503751754761,0.04489096626639366,0.4633990526199341,0.00027741791564039886,0.00075763207860291,0.8781567811965942,64,0.049,0.222,4,0,6,1,3,1.0,,,,,,,0.11163729429244995,0.6356076598167419,1.938421607017517,0.01576,,0.2292
102,43279,0.0,24,8,0.1,29.6,0.1,0.010508181527256966,0.23210126161575317,0.23919972777366638,0.3225019574165344,-0.09768105298280716,0.014856661669909954,0.37110015749931335,0.00021357052901294082,0.0007747820345684886,0.925069272518158,64,0.0371,0.1,1,0,9,0,5,1.0,,,,,,,0.1055932268500328,0.6219364404678345,2.1121137142181396,0.01574,,0.2292
103,43705,0.0,24,8,0.1667,29.67,0.1667,0.008296016603708267,0.22616969048976898,0.22383102774620056,0.4019811749458313,-0.09619051218032837,0.07326029241085052,0.3258693516254425,0.00025415956042706966,0.0010312702506780624,1.2480838298797607,64,0.0356,0.167,2,0,5,0,8,0.875,,,,,,,0.07707054913043976,0.7026604413986206,2.1248929500579834,0.01576,,0.2292
104,44130,0.0,24,8,0.0,29.71,0.0,0.007971525192260742,0.19109059870243073,0.1868523210287094,0.645738959312439,-0.07961832731962204,0.04305291175842285,0.6189414262771606,0.00024007783213164657,0.0008124012383632362,1.0707443952560425,64,0.0589,0.0,2,0,6,1,7,0.857,,,,,,,0.07435792684555054,0.6511669158935547,2.0607566833496094,0.01575,,0.2292
105,44557,0.0,24,8,0.4,29.8,0.4,0.009039134718477726,0.2049572765827179,0.2004353255033493,0.3356519341468811,-0.09398838877677917,0.01965540461242199,0.3717958927154541,0.00030195448198355734,0.0007413451094180346,0.9972564578056335,64,0.0294,0.4,2,0,3,0,9,0.778,0.0655,0.2245,0.354,7,30,1,0.09424695372581482,0.6171143054962158,2.1394946575164795,0.0158,0.2083,0.2292
106,45012,0.0,24,8,0.1667,29.33,0.1667,0.008319648914039135,0.1983625590801239,0.19143876433372498,0.45272767543792725,-0.09425721317529678,0.06949032843112946,0.38370829820632935,0.00023526145378127694,0.0009718368528410792,1.0261582136154175,64,0.048,0.167,1,0,5,0,9,1.0,,,,,,,0.09185446798801422,0.7235569953918457,2.016585350036621,0.01586,,0.2292
107,45439,0.0,24,8,0.1667,29.83,0.1667,0.011655669659376144,0.1917087882757187,0.1931244432926178,0.3667367100715637,-0.0896400660276413,0.03288264200091362,0.37197554111480713,0.0003760975378099829,0.0007454389706254005,1.1163089275360107,64,0.0402,0.167,2,0,5,0,8,0.625,,,,,,,0.08030040562152863,0.6784249544143677,2.0853304862976074,0.01585,,0.2292
108,45866,0.0,24,8,0.2857,30.0,0.2857,0.010115021839737892,0.1821092665195465,0.18218642473220825,0.4158376455307007,-0.09025918692350388,0.02894270233809948,0.4186486601829529,0.00020670770027209073,0.0011825113324448466,0.8587844967842102,64,0.0389,0.286,2,0,5,0,7,1.0,,,,,,,0.105101078748703,0.7189237475395203,2.0211997032165527,0.01589,,0.2292
109,46172,0.0,24,7,0.0,30.0,0.0,0.008977057412266731,0.22145052254199982,0.21846050024032593,0.5167974829673767,-0.08721694350242615,0.0679285079240799,0.4329513907432556,0.0002917136298492551,0.0014082404086366296,0.9373950362205505,64,0.043,0.0,6,0,4,0,6,0.833,,,,,,,0.09304183721542358,0.7138018012046814,2.052001476287842,0.0159,,0.2292
110,46661,0.0,24,7,0.0,29.6,0.0,0.011541985906660557,0.18049053847789764,0.17304709553718567,0.4142586588859558,-0.09739165008068085,0.030292725190520287,0.4170569181442261,0.0003680947993416339,0.0013603175757452846,0.7630073428153992,64,0.0321,0.0,0,0,4,1,11,0.909,,,,,,,0.12764182686805725,0.6295627951622009,2.034528970718384,0.01594,,0.2292
111,47013,0.0,24,7,0.1667,27.67,0.1667,0.007642013020813465,0.20581762492656708,0.21135184168815613,0.4652920067310333,-0.08920955657958984,0.029598474502563477,0.4184163510799408,0.0002131242654286325,0.003075530519708991,0.8158612251281738,64,0.0526,0.167,4,0,2,3,6,1.0,,,,,,,0.10934403538703918,0.7306045293807983,2.059316873550415,0.01597,,0.2292
112,47408,0.0,24,7,0.0,30.0,0.0,0.009003978222608566,0.23497751355171204,0.22877657413482666,0.7915121912956238,-0.08347606658935547,0.05662957951426506,0.7412903308868408,0.00023888061696197838,0.0008175515686161816,1.1347137689590454,64,0.0427,0.0,3,0,7,0,6,0.833,0.0691,0.2174,0.146,0,40,1,0.07356575131416321,0.6789896488189697,2.0761337280273438,0.01595,0.1458,0.2292
113,47836,0.0,24,7,0.1667,30.0,0.1667,0.007020444143563509,0.18531817197799683,0.18007098138332367,0.47175100445747375,-0.09138886630535126,0.06427334249019623,0.4209839403629303,0.00018451765936333686,0.0005443707923404872,1.1679476499557495,64,0.0463,0.167,2,0,5,0,8,0.875,,,,,,,0.07824739813804626,0.8108967542648315,2.073279857635498,0.01597,,0.2292
114,48323,0.0,24,7,0.0,29.67,0.0,0.0076741548255085945,0.22036132216453552,0.210797980427742,0.3492753505706787,-0.08688519150018692,0.032036226242780685,0.35274213552474976,0.0001986547140404582,0.0007738370914012194,0.7574538588523865,64,0.0375,0.0,0,0,5,1,10,0.9,,,,,,,0.11470691114664078,0.6905288696289062,2.1068921089172363,0.016,,0.2292
115,48806,0.0,24,7,0.0,29.7,0.0,0.005916144698858261,0.22468093037605286,0.22349542379379272,0.39570313692092896,-0.0963815450668335,0.04886053130030632,0.3782077431678772,0.00018785003339871764,0.000646234315354377,1.1035163402557373,64,0.0518,0.1,0,1,8,1,6,1.0,,,,,,,0.08734038472175598,0.6596766710281372,2.1024956703186035,0.01596,,0.2292
116,49228,0.0,24,7,0.0,29.25,0.0,0.005963310599327087,0.2003464698791504,0.20550420880317688,0.4323367476463318,-0.0935237929224968,0.02000567689538002,0.4640953242778778,0.00018433824880048633,0.0008701541228219867,0.9016666412353516,64,0.0387,0.0,2,0,2,2,10,0.7,,,,,,,0.10372325032949448,0.7527336478233337,2.041898250579834,0.01597,,0.2292
117,49706,0.0,24,6,0.4286,29.43,0.4286,0.009617049247026443,0.20413044095039368,0.20198610424995422,0.2986624240875244,-0.09662364423274994,0.01987753063440323,0.3332124948501587,0.0003065568453166634,0.0008927403832785785,1.0192674398422241,64,0.0297,0.429,0,0,4,0,9,0.778,,,,,,,0.09479714930057526,0.66591477394104,2.127285957336426,0.01601,,0.2292
118,50151,0.0,24,6,0.125,28.5,0.125,0.01186323817819357,0.20244905352592468,0.2125449776649475,0.4183028042316437,-0.09445291757583618,0.036311451345682144,0.4185214042663574,0.0002927298774011433,0.000864456407725811,0.9283396601676941,64,0.0493,0.125,1,0,5,2,7,1.0,,,,,,,0.1017439141869545,0.6231774687767029,2.0473294258117676,0.01603,,0.2292
119,50565,0.0,24,6,0.0,29.86,0.0,0.009709622710943222,0.20232462882995605,0.2034149467945099,0.4667293131351471,-0.09503676742315292,0.06127321720123291,0.41804036498069763,0.000308662565657869,0.0008471710607409477,0.9215437173843384,64,0.037,0.0,2,0,6,1,7,0.857,0.0536,0.1993,0.125,1,36,6,0.10312779247760773,0.6425298452377319,2.033843755722046,0.01602,0.1042,0.2292
120,51050,0.0,24,6,0.1,29.9,0.1,0.00980440154671669,0.23756997287273407,0.24318909645080566,0.28726086020469666,-0.09268759936094284,0.01923818700015545,0.3259388208389282,0.00026577417156659067,0.0006213304004631937,1.2102408409118652,64,0.0393,0.1,0,0,9,0,6,0.833,,,,,,,0.07658607512712479,0.6153953075408936,2.1862850189208984,0.01598,,0.2292
121,51506,0.0,24,6,0.125,29.88,0.125,0.008701520040631294,0.23858508467674255,0.24580830335617065,0.461536705493927,-0.09148514270782471,0.03646998107433319,0.4633861482143402,0.00025228821323253214,0.0006678297650068998,0.8700008392333984,64,0.0536,0.125,1,0,6,1,7,0.857,,,,,,,0.10515522956848145,0.6655177474021912,1.9926130771636963,0.01598,,0.2292
122,51953,0.0,24,6,0.2,29.2,0.2,0.010841073468327522,0.2084154486656189,0.23403140902519226,0.4518548846244812,-0.08941057324409485,0.052861880511045456,0.41839179396629333,0.00029590073972940445,0.0006859962595626712,0.7473930716514587,64,0.0428,0.2,1,0,5,3,5,0.8,,,,,,,0.11962991952896118,0.7738083600997925,2.014281749725342,0.01596,,0.2292
123,52379,0.0,24,6,0.1667,30.0,0.1667,0.007461024448275566,0.2009752094745636,0.2042606770992279,0.37742114067077637,-0.09456110000610352,0.04115782305598259,0.37433069944381714,0.0002491186314728111,0.0006134354625828564,0.9745253920555115,64,0.0477,0.167,2,0,5,0,8,0.625,,,,,,,0.09703296422958374,0.7219934463500977,2.0907959938049316,0.01594,,0.2292
124,52831,0.0,24,5,0.125,29.38,0.125,0.008487926796078682,0.20118103921413422,0.1956886202096939,0.48858049511909485,-0.09289014339447021,0.04880308359861374,0.4635527729988098,0.00026660613366402686,0.0008124671876430511,0.7594158053398132,64,0.0344,0.125,1,0,5,2,7,1.0,,,,,,,0.12231789529323578,0.7394905090332031,2.00787353515625,0.01596,,0.2292
125,53217,0.0,24,5,0.0,29.0,0.0,0.008895378559827805,0.22249388694763184,0.22860684990882874,0.3644835948944092,-0.09106273204088211,0.036016907542943954,0.3713260293006897,0.00022243066632654518,0.00048745828098617494,1.0033299922943115,64,0.0401,0.0,3,0,6,1,6,0.667,,,,,,,0.09076050668954849,0.6520983576774597,2.0803515911102295,0.01592,,0.2292
126,53488,0.0,24,5,0.0,30.0,0.0,0.011465787887573242,0.18123328685760498,0.1910446137189865,0.36227256059646606,-0.09451255202293396,0.033132489770650864,0.3712646961212158,0.0003390218480490148,0.0007702166913077235,1.0516659021377563,64,0.0332,0.0,7,0,6,2,1,1.0,0.0543,0.1791,0.229,1,33,4,0.08986936509609222,0.6492888927459717,2.0899548530578613,0.01585,0.2083,0.2292
127,53908,0.0,24,5,0.0909,29.73,0.0909,0.0076747615821659565,0.248606875538826,0.26122045516967773,0.4628440737724304,-0.08921698480844498,0.08133425563573837,0.3712173402309418,0.0002023337729042396,0.0007270088535733521,0.9305696487426758,64,0.0329,0.091,2,0,8,2,3,1.0,,,,,,,0.09587351977825165,0.7379047274589539,2.1059446334838867,0.0158,,0.2292
128,54306,0.0,24,5,0.0,30.0,0.0,0.007840672507882118,0.18154828250408173,0.19060838222503662,0.4061981737613678,-0.08510111272335052,0.06515581905841827,0.343505322933197,0.00024061293515842408,0.0006992926937527955,1.0250853300094604,64,0.0444,0.0,3,0,5,0,8,1.0,,,,,,,0.08301857113838196,0.8420053720474243,2.1679415702819824,0.01584,,0.2292
129,54734,0.0,24,5,0.1667,30.0,0.1667,0.007270668633282185,0.2237730324268341,0.22037345170974731,0.3239698112010956,-0.08761848509311676,0.035008519887924194,0.32626134157180786,0.0001819344179239124,0.000612395815551281,0.98549884557724,64,0.0394,0.167,2,0,5,0,8,0.75,,,,,,,0.08890776336193085,0.8018011450767517,2.169778823852539,0.01584,,0.2292
130,55152,0.0,24,5,0.0,29.4,0.0,0.01228068396449089,0.24873434007167816,0.22709941864013672,0.524221658706665,-0.09383565187454224,0.07494312524795532,0.4459085464477539,0.0003363436844665557,0.0008905000286176801,1.163981318473816,64,0.0398,0.0,2,0,7,3,4,1.0,,,,,,,0.08061611652374268,0.729601263999939,2.0760087966918945,0.01579,,0.2292
131,55546,0.0,24,5,0.1429,29.71,0.1429,0.006583104841411114,0.15441763401031494,0.15158727765083313,0.3709288239479065,-0.09634466469287872,0.049180351197719574,0.3499952554702759,0.00020863085228484124,0.0007567008142359555,1.4452828168869019,64,0.0323,0.143,3,0,5,1,6,1.0,,,,,,,0.06666146218776703,0.6827642321586609,2.1129536628723145,0.01581,,0.2292
132,55973,0.0,24,4,0.1429,30.0,0.1429,0.007802939973771572,0.20180562138557434,0.20271918177604675,0.4984511435031891,-0.08602797985076904,0.055579062551259995,0.4539452791213989,0.0002024474088102579,0.000775027961935848,0.911759078502655,64,0.0326,0.429,2,2,4,0,7,1.0,,,,,,,0.09435385465621948,0.7009079456329346,2.1247406005859375,0.01583,,0.2292
133,56428,0.0,24,4,0.125,29.75,0.125,0.008445212617516518,0.20396855473518372,0.19985321164131165,0.45600590109825134,-0.09737507998943329,0.05972128361463547,0.4193815588951111,0.00023420134675689042,0.0005822746315971017,0.8709206581115723,64,0.0386,0.125,1,0,6,1,7,0.429,0.057,0.1821,0.125,0,38,4,0.11180706322193146,0.7659620642662048,2.0039663314819336,0.01577,0.125,0.2292
134,56880,0.0,24,4,0.0,29.7,0.0,0.013882335275411606,0.2516530156135559,0.2608298063278198,0.3304234445095062,-0.09279443323612213,0.03917834162712097,0.32548195123672485,0.0003671966551337391,0.0007751687080599368,1.0833369493484497,64,0.0628,0.0,1,0,9,1,5,1.0,,,,,,,0.08565612137317657,0.7919820547103882,2.209371566772461,0.01573,,0.2292
135,57364,0.0,24,4,0.2222,29.78,0.2222,0.007627185899764299,0.200288787484169,0.17754040658473969,0.3852481245994568,-0.0934707298874855,0.04625449329614639,0.3717024028301239,0.00024241750361397862,0.0005802991217933595,1.4504128694534302,64,0.0445,0.222,0,0,5,2,7,0.429,,,,,,,0.06444422900676727,0.6198059916496277,2.141014814376831,0.01569,,0.2292
136,57760,0.0,24,4,0.1429,30.0,0.1429,0.0089104687795043,0.2068251371383667,0.20669488608837128,0.37371283769607544,-0.09501199424266815,0.06003737077116966,0.3310678005218506,0.00028447125805541873,0.0007032917928881943,1.2665623426437378,64,0.0299,0.143,3,0,6,0,6,1.0,,,,,,,0.07501564174890518,0.78326416015625,2.1828765869140625,0.0157,,0.2292
137,58153,0.0,24,4,0.125,29.75,0.125,0.007003255188465118,0.22714850306510925,0.2324945330619812,0.476467490196228,-0.09449709951877594,0.0671129822731018,0.41704076528549194,0.000197019922779873,0.0007879135082475841,0.739736795425415,64,0.041,0.125,3,0,7,0,5,0.8,,,,,,,0.12774422764778137,0.8508264422416687,2.0503010749816895,0.01568,,0.2292
138,58577,0.0,24,4,0.1,30.0,0.1,0.010386777110397816,0.23125387728214264,0.22818371653556824,0.45437678694725037,-0.08324187248945236,0.0718764215707779,0.37285515666007996,0.0003051440289709717,0.0008404272375628352,1.2658761739730835,64,0.0298,0.1,2,0,9,0,4,0.75,,,,,,,0.06575830280780792,0.7116331458091736,2.068939685821533,0.01564,,0.2292
139,59005,0.0,24,3,0.0,30.0,0.0,0.008668814785778522,0.16469526290893555,0.16442126035690308,0.6156144142150879,-0.09453625231981277,0.06924565881490707,0.5436922907829285,0.0002490653423592448,0.001118680345825851,1.200294852256775,64,0.0315,0.0,2,0,5,1,8,0.75,,,,,,,0.07876085489988327,0.6453783512115479,2.1497583389282227,0.01563,,0.2292
140,59462,0.0,24,3,0.0,30.0,0.0,0.005727250594645739,0.22210374474525452,0.22628024220466614,0.3486652374267578,-0.08376145362854004,0.039087455719709396,0.3300166130065918,0.0001731897791614756,0.0009694062173366547,1.2752891778945923,64,0.0259,0.0,1,0,5,0,10,0.8,0.0526,0.2268,0.167,4,39,1,0.0656803697347641,0.6983742713928223,2.1138620376586914,0.01564,0.0833,0.2292
141,59913,0.0,24,3,0.25,29.25,0.25,0.008411766961216927,0.19194912910461426,0.20050960779190063,0.3652215600013733,-0.0979105681180954,0.049405306577682495,0.3490372598171234,0.0002455522771924734,0.0006113699055276811,0.7843985557556152,64,0.038,0.375,1,1,4,1,7,1.0,,,,,,,0.1248224750161171,0.7123085856437683,2.123349189758301,0.01567,,0.2292
142,60297,0.0,24,3,0.0,28.5,0.0,0.01031990721821785,0.21166008710861206,0.19987088441848755,0.41639289259910583,-0.0968281626701355,0.06348016113042831,0.371471643447876,0.0002470006584189832,0.0005915628280490637,0.9222745299339294,64,0.0491,0.0,3,0,3,1,9,0.778,,,,,,,0.10498844087123871,0.6823918223381042,2.1250715255737305,0.01569,,0.2292
143,60723,0.0,24,3,0.0,30.0,0.0,0.0059114377945661545,0.18551135063171387,0.18591639399528503,0.32525578141212463,-0.08749377727508545,0.03416726738214493,0.32583850622177124,0.0001794336858438328,0.0007430610130541027,1.0219794511795044,64,0.0409,0.125,2,1,7,0,6,0.833,,,,,,,0.08561206609010696,0.6784981489181519,2.1653764247894287,0.01566,,0.2292
144,61179,0.0,24,3,0.125,29.88,0.125,0.007723265327513218,0.17347052693367004,0.16514211893081665,0.35001203417778015,-0.09783979505300522,0.028214871883392334,0.37258997559547424,0.00022313180670607835,0.000753284664824605,0.8441699147224426,64,0.0482,0.125,1,0,7,0,7,1.0,,,,,,,0.11590059101581573,0.7498595118522644,2.1504628658294678,0.01568,,0.2292
145,61628,0.0,24,3,0.375,29.38,0.375,0.008640333078801632,0.15877844393253326,0.1618562638759613,0.4269406795501709,-0.07768242806196213,0.056581493467092514,0.3726392984390259,0.00025258949608542025,0.0007528323330916464,0.9742442965507507,64,0.0277,0.5,1,1,3,1,7,0.714,,,,,,,0.07973608374595642,0.778021514415741,2.1102991104125977,0.01569,,0.2292
146,62026,0.0,24,3,0.0,30.0,0.0,0.009029346518218517,0.18042032420635223,0.1812589019536972,0.44242095947265625,-0.08953036367893219,0.04800640791654587,0.4197801947593689,0.0002971062785945833,0.0006463326863013208,0.9918716549873352,64,0.0544,0.0,3,0,5,0,8,1.0,,,,,,,0.09026405960321426,0.7346255779266357,2.0663270950317383,0.01572,,0.2292
147,62479,0.0,24,2,0.3,29.8,0.3,0.0055608623661100864,0.22258010506629944,0.22521325945854187,0.4448750913143158,-0.09599679708480835,0.053042761981487274,0.4171313941478729,0.0001590564352227375,0.0007061997312121093,0.7925552129745483,64,0.04,0.4,1,1,6,0,5,1.0,0.0593,0.1711,0.146,0,40,1,0.12112316489219666,0.7169005274772644,2.070474624633789,0.01573,0.1458,0.2292
148,62906,0.0,24,2,0.0,29.83,0.0,0.006007186137139797,0.22060805559158325,0.21983811259269714,0.3981582522392273,-0.0944715216755867,0.04166831076145172,0.38760119676589966,0.00018104055197909474,0.0008676778525114059,0.9921138882637024,64,0.0265,0.0,2,0,5,1,8,0.75,,,,,,,0.09522245824337006,0.7230465412139893,2.0621588230133057,0.01572,,0.2292
149,63329,0.0,24,2,0.1111,29.78,0.1111,0.01028413511812687,0.19484423100948334,0.18901219964027405,0.38306471705436707,-0.09465758502483368,0.022769426926970482,0.4174717664718628,0.00029561843257397413,0.0005884673446416855,1.0489420890808105,64,0.035,0.111,2,0,7,1,5,1.0,,,,,,,0.09024100005626678,0.6622593402862549,2.032892942428589,0.01571,,0.2292
150,63721,0.0,24,2,0.4286,29.43,0.4286,0.006286466494202614,0.1997240036725998,0.20469583570957184,0.3840984106063843,-0.0960298478603363,0.043315645307302475,0.3715163469314575,0.00019495084416121244,0.0008792240987531841,0.860955536365509,64,0.0286,0.429,3,0,2,2,6,0.833,,,,,,,0.11153867840766907,0.7247638702392578,2.131865978240967,0.01574,,0.2292
151,64149,0.0,24,2,0.0,30.0,0.0,0.007090091705322266,0.16086345911026,0.17378740012645721,0.4332486093044281,-0.08537298440933228,0.041481852531433105,0.4169980585575104,0.00020847255655098706,0.000746393168810755,0.9012419581413269,64,0.0314,0.0,2,0,6,0,8,0.625,,,,,,,0.09472814947366714,0.7489997148513794,2.044384717941284,0.01571,,0.2292
152,64576,0.0,24,2,0.2857,30.0,0.2857,0.009292691014707088,0.20312312245368958,0.2038096785545349,0.7230337262153625,-0.0853567123413086,0.06776207685470581,0.6592220067977905,0.00029793090652674437,0.0005457713850773871,1.2033430337905884,64,0.0426,0.286,2,0,5,0,7,1.0,,,,,,,0.07093298435211182,0.6976075172424316,1.9867219924926758,0.01575,,0.2292
153,65066,0.0,24,2,0.0,30.0,0.0,0.007171520031988621,0.1845056116580963,0.1922830045223236,0.38105136156082153,-0.09069889783859253,0.03699183464050293,0.3759380578994751,0.00020081503316760063,0.0008731409907341003,1.1810435056686401,64,0.0392,0.0,0,0,6,0,10,0.9,,,,,,,0.0767955556511879,0.6987295150756836,2.0880489349365234,0.01577,,0.2292
154,65517,0.0,24,2,0.125,29.62,0.125,0.008535098284482956,0.17759698629379272,0.17753514647483826,0.47999584674835205,-0.08605259656906128,0.06638842076063156,0.41815146803855896,0.0002701258345041424,0.0006048056529834867,1.1336206197738647,64,0.0285,0.125,1,0,7,0,7,0.714,0.0634,0.2775,0.062,0,42,3,0.07590951770544052,0.8124985098838806,2.0567479133605957,0.01575,0.0625,0.2292
155,65934,0.0,24,2,0.5,28.17,0.5,0.008375805802643299,0.18515589833259583,0.1761120855808258,0.35274824500083923,-0.08876334130764008,0.046824827790260315,0.3255155086517334,0.0002198247966589406,0.0008938562241382897,1.0619553327560425,64,0.0174,0.5,2,0,2,1,8,1.0,,,,,,,0.08358481526374817,0.7361387610435486,2.2331204414367676,0.01582,,0.2292
156,66298,0.0,24,2,0.0,29.4,0.0,0.007233220152556896,0.24536283314228058,0.2473697066307068,0.4763168394565582,-0.09481174498796463,0.06373341381549835,0.4168950021266937,0.00020300454343669116,0.001070670085027814,0.8366975784301758,64,0.0182,0.2,4,1,3,1,7,1.0,,,,,,,0.1133166179060936,0.6986680030822754,2.0650997161865234,0.01584,,0.2292
157,66745,0.0,24,2,0.1429,30.0,0.1429,0.008864532224833965,0.17652887105941772,0.16935421526432037,0.3996013402938843,-0.09815234690904617,0.052012767642736435,0.371845006942749,0.00025242302217520773,0.0008753252332098782,0.8967245221138,64,0.0251,0.143,1,0,6,0,8,0.75,,,,,,,0.10945652425289154,0.6975908279418945,2.1206672191619873,0.01584,,0.2292
158,67225,0.0,24,2,0.3,29.4,0.3,0.010948214679956436,0.2112363576889038,0.21486327052116394,0.3192278742790222,-0.09826436638832092,0.03822532296180725,0.3260132074356079,0.0002779882925096899,0.0006011357763782144,0.8747743964195251,64,0.0484,0.3,0,0,6,1,6,1.0,,,,,,,0.1123310923576355,0.6528606414794922,2.172910213470459,0.01586,,0.2292
159,67609,0.0,24,2,0.0,29.0,0.0,0.012103707529604435,0.24177852272987366,0.23848168551921844,0.455757737159729,-0.09384165704250336,0.09035159647464752,0.3511051535606384,0.0003503802290651947,0.0007116416818462312,0.8839299082756042,64,0.0417,0.0,3,0,2,1,10,0.8,,,,,,,0.10616414248943329,0.8273965120315552,2.1417019367218018,0.01589,,0.2292
160,67970,0.0,24,2,0.0,29.17,0.0,0.01425401121377945,0.20279060304164886,0.19409726560115814,0.3454064130783081,-0.08632837980985641,0.044156551361083984,0.32843783497810364,0.0004710116481874138,0.0005993540398776531,1.1359463930130005,64,0.0468,0.0,4,0,5,1,6,1.0,,,,,,,0.07599688321352005,0.7602502107620239,2.171164035797119,0.01589,,0.2292
161,68458,0.0,24,2,0.1429,29.86,0.1429,0.007622190751135349,0.14963996410369873,0.1547716110944748,0.4457322359085083,-0.08950413018465042,0.07024725526571274,0.37279462814331055,0.0002430924796499312,0.0008778895135037601,1.0802955627441406,64,0.0381,0.143,0,0,6,0,9,0.778,0.0534,0.1728,0.083,0,41,3,0.08285152167081833,0.6658974885940552,2.10353422164917,0.01589,0.0833,0.2292
162,68915,0.0,24,2,0.5714,29.86,0.5714,0.012849358841776848,0.26485082507133484,0.26493000984191895,0.39686182141304016,-0.0926259309053421,0.050219543278217316,0.37116318941116333,0.00023526868608314544,0.0007154191844165325,1.2038143873214722,64,0.026,0.571,1,0,3,0,8,1.0,,,,,,,0.07694370299577713,0.7040791511535645,2.1233768463134766,0.01596,,0.2292
163,69339,0.0,24,2,0.0,30.0,0.0,0.005916216876357794,0.1923440396785736,0.18249139189720154,0.6098204851150513,-0.08338750153779984,0.0732974037528038,0.5311893224716187,0.00015364214777946472,0.0006169528933241963,0.9899320602416992,64,0.0376,0.0,2,0,7,0,7,0.857,,,,,,,0.08423558622598648,0.6516935229301453,1.970848798751831,0.01595,,0.2292
164,69739,0.0,24,2,0.0,30.0,0.0,0.010307932272553444,0.16992497444152832,0.1574229598045349,0.36843299865722656,-0.09822265803813934,0.03810185194015503,0.37484297156333923,0.000266239425400272,0.0006243581301532686,0.8690212368965149,64,0.0542,0.0,3,0,3,0,10,1.0,,,,,,,0.11302675306797028,0.7285606265068054,2.113290548324585,0.016,,0.2292
165,70134,0.0,24,2,0.0,30.0,0.0,0.00635181088000536,0.1821097731590271,0.19156453013420105,0.3534259796142578,-0.09642461687326431,0.051300324499607086,0.3255975842475891,0.0001861607888713479,0.0008660954190418124,0.8753544688224792,64,0.0272,0.143,3,1,6,0,6,0.833,,,,,,,0.11015492677688599,0.684578537940979,2.15154767036438,0.01598,,0.2292
166,70498,0.0,24,2,0.0,29.67,0.0,0.008854348212480545,0.1810815930366516,0.1808938831090927,0.4666112959384918,-0.08121146261692047,0.03366413712501526,0.46278882026672363,0.00027366241556592286,0.0007082265219651163,0.8573411107063293,64,0.0472,0.0,4,0,4,2,6,1.0,,,,,,,0.09472479671239853,0.8268682360649109,1.990204095840454,0.01599,,0.2292
167,70896,0.0,24,2,0.0,30.0,0.0,0.008129243738949299,0.21653848886489868,0.20264601707458496,0.5306440591812134,-0.09594698250293732,0.06600013375282288,0.47602909803390503,0.00023461361706722528,0.0007424664217978716,1.0253623723983765,64,0.0297,0.0,3,0,4,0,9,0.889,,,,,,,0.09357371926307678,0.692426860332489,2.0124454498291016,0.01601,,0.2292
168,71285,0.0,24,2,0.3333,29.44,0.3333,0.008039707317948341,0.2521092891693115,0.2534860670566559,0.3726275861263275,-0.08341396600008011,0.05606037378311157,0.3254636526107788,0.000163349395734258,0.0007382861222140491,1.1241387128829956,64,0.0334,0.333,3,0,3,3,4,1.0,0.054,0.2217,0.208,0,35,3,0.07420255243778229,0.8794137835502625,2.203664779663086,0.01602,0.2083,0.2292
169,71652,0.0,24,2,0.25,29.75,0.25,0.006973719224333763,0.2159183919429779,0.21374860405921936,0.47198614478111267,-0.09793782979249954,0.06723462045192719,0.4169542193412781,0.0001827481755753979,0.0007400204194709659,0.8184009790420532,64,0.0364,0.25,4,0,3,0,8,1.0,,,,,,,0.11966973543167114,0.7619470953941345,2.062070369720459,0.01606,,0.2292
170,72137,0.0,24,2,0.1,29.9,0.1,0.010340437293052673,0.25357526540756226,0.25155285000801086,0.41173750162124634,-0.08988258987665176,0.0543685182929039,0.37118613719940186,0.0003282179532106966,0.0008678766316734254,1.1771187782287598,64,0.0278,0.1,0,0,9,0,6,1.0,,,,,,,0.0763581246137619,0.6704654097557068,2.168102741241455,0.01605,,0.2292
171,72532,0.0,24,2,0.4286,29.86,0.4286,0.006556938402354717,0.2353934943675995,0.23556135594844818,0.5976449251174927,-0.057813964784145355,0.10686454176902771,0.41797682642936707,0.00017070143076125532,0.000950120622292161,1.1886210441589355,64,0.0335,0.429,3,0,4,0,6,1.0,,,,,,,0.04863952100276947,0.7693619728088379,2.0527374744415283,0.01609,,0.2292
172,72986,0.0,24,2,0.125,29.62,0.125,0.007955310866236687,0.23039177060127258,0.22732266783714294,0.4308274984359741,-0.09430710226297379,0.04284761846065521,0.4183017611503601,0.00020354836306069046,0.0008455038187094033,0.8532541394233704,64,0.0312,0.125,1,0,7,0,7,1.0,,,,,,,0.11052639782428741,0.8157987594604492,2.03625750541687,0.0161,,0.2292
173,73336,0.0,24,2,0.0,27.86,0.0,0.006978806108236313,0.20816704630851746,0.19298075139522552,0.4624471366405487,-0.09154906868934631,0.03610679507255554,0.46310776472091675,0.00016996382328215986,0.0007469937554560602,0.8262659311294556,64,0.0515,0.0,4,0,4,3,5,1.0,,,,,,,0.11079855263233185,0.6211923360824585,1.9833035469055176,0.01609,,0.2292
174,73793,0.0,24,2,0.0,30.0,0.0,0.009153650142252445,0.22630807757377625,0.21000178158283234,0.39062005281448364,-0.09407038241624832,0.058373622596263885,0.3436282277107239,0.00024684585514478385,0.0009725986747071147,0.762803852558136,64,0.031,0.0,1,0,7,1,7,1.0,,,,,,,0.12332184612751007,0.7018225193023682,2.131133556365967,0.01609,,0.2292
175,74127,0.0,24,2,0.0,30.0,0.0,0.00687623955309391,0.17833612859249115,0.1726008951663971,0.5004723072052002,-0.08718696981668472,0.07612279057502747,0.4193227291107178,0.0002139411517418921,0.0006436390103772283,0.9454320073127747,64,0.0302,0.0,5,0,7,0,4,1.0,0.0673,0.2186,0.083,2,43,1,0.09221918880939484,0.8460463285446167,1.9071135520935059,0.01607,0.0417,0.2292
176,74524,0.0,24,2,0.1667,30.0,0.1667,0.014543861150741577,0.17458711564540863,0.16512532532215118,0.4993436336517334,-0.09159523993730545,0.0789201408624649,0.4174734354019165,0.0005133853410370648,0.0006250053993426263,0.7966829538345337,64,0.0215,0.167,3,0,4,1,7,0.857,,,,,,,0.11497075855731964,0.6401892900466919,1.9913291931152344,0.01608,,0.2292
177,74979,0.0,24,2,0.1,30.0,0.1,0.008424133993685246,0.23234666883945465,0.225057452917099,0.34952741861343384,-0.09377311170101166,0.048405975103378296,0.3302271068096161,0.00027382923872210085,0.00065045797964558,0.8440846800804138,64,0.0324,0.1,1,0,9,0,5,0.8,,,,,,,0.11109444499015808,0.7490052580833435,2.159910202026367,0.01604,,0.2292
178,75343,0.0,24,2,0.1667,29.67,0.1667,0.007722386159002781,0.20149263739585876,0.20577162504196167,0.4194740355014801,-0.07453887909650803,0.029178764671087265,0.4168032705783844,0.0002356120094191283,0.0007540843216702342,1.0520271062850952,64,0.0235,0.167,4,0,3,2,6,0.833,,,,,,,0.0708526223897934,0.7500853538513184,2.0714564323425293,0.01605,,0.2292
179,75765,0.0,24,2,0.2,30.0,0.2,0.008584185503423214,0.1879296600818634,0.20006579160690308,0.4078342318534851,-0.08258722722530365,0.07351228594779968,0.3260185122489929,0.00023071032774168998,0.0006951353279873729,1.4970072507858276,64,0.0229,0.2,2,0,8,0,4,0.75,,,,,,,0.05516821891069412,0.7180008888244629,2.2315196990966797,0.01602,,0.2292
180,76164,0.0,24,2,0.5,30.0,0.5,0.008226141333580017,0.19935157895088196,0.187989741563797,0.5464432239532471,-0.09293422102928162,0.07949782907962799,0.4627046585083008,0.0001892600121209398,0.0007070854771882296,1.0132275819778442,64,0.0178,0.5,3,0,2,0,9,1.0,,,,,,,0.09172098338603973,0.7003446817398071,2.0013487339019775,0.01608,,0.2292
181,76652,0.0,24,2,0.3333,29.67,0.3333,0.00993978139013052,0.26931196451187134,0.26763272285461426,0.43405213952064514,-0.09056715667247772,0.04153832793235779,0.4178527295589447,0.00022239351528696716,0.000947596097830683,0.7752551436424255,64,0.0252,0.333,0,0,3,1,10,1.0,,,,,,,0.11682239174842834,0.7895712852478027,2.0281801223754883,0.01614,,0.2292
182,76989,0.0,24,2,0.25,30.0,0.25,0.005432344041764736,0.18680480122566223,0.1833307445049286,0.4578476846218109,-0.09084919095039368,0.056515883654356,0.4169013500213623,0.0001797300938051194,0.0007505498942919075,0.7874138355255127,64,0.0309,0.25,5,0,3,0,7,1.0,0.0476,0.1792,0.188,0,37,2,0.11537668853998184,0.7349956035614014,2.1071126461029053,0.01617,0.1875,0.2292
183,77412,0.0,24,2,0.0,29.57,0.0,0.006710359826683998,0.20519965887069702,0.2003427892923355,0.45395466685295105,-0.09769010543823242,0.058950286358594894,0.4168921709060669,0.00016697011596988887,0.0006740808603353798,1.0351704359054565,64,0.0222,0.143,2,1,6,0,7,0.857,,,,,,,0.09437103569507599,0.7672490477561951,2.0628693103790283,0.01616,,0.2292
184,77822,0.0,24,2,0.2727,29.64,0.2727,0.008007775992155075,0.18643371760845184,0.19512513279914856,0.37428563833236694,-0.07873621582984924,0.05288715288043022,0.3254084885120392,0.0002457599330227822,0.0008735621813684702,1.3657677173614502,64,0.041,0.364,2,1,7,0,3,0.667,,,,,,,0.05764978006482124,0.7715964317321777,2.208343029022217,0.01614,,0.2292
185,78269,0.0,24,2,0.0,30.0,0.0,0.007654885295778513,0.2019311487674713,0.20900548994541168,0.33709147572517395,-0.09411370754241943,0.021995868533849716,0.3717310428619385,0.00024345760175492615,0.0006192958098836243,1.188023328781128,64,0.0262,0.0,1,0,6,0,9,0.778,,,,,,,0.07921873033046722,0.7230013608932495,2.0527920722961426,0.01614,,0.2292
186,78698,0.0,24,2,0.0,30.0,0.0,0.007868766784667969,0.205229252576828,0.20446787774562836,0.44514429569244385,-0.09486592561006546,0.08769309520721436,0.35044968128204346,0.00024334371846634895,0.0005669735255651176,0.9922147989273071,64,0.0309,0.0,2,0,5,0,9,0.778,,,,,,,0.09561027586460114,0.7368907928466797,2.1314938068389893,0.01614,,0.2292
187,79158,0.0,24,2,0.0,30.0,0.0,0.011775207705795765,0.21848610043525696,0.2273542881011963,0.4298195242881775,-0.08751591295003891,0.04029621183872223,0.41913801431655884,0.0004197984526399523,0.0007042002398520708,1.005143165588379,64,0.0299,0.0,1,0,5,0,10,0.9,,,,,,,0.087068110704422,0.6665023565292358,2.080617904663086,0.01616,,0.2292
188,79520,0.0,24,2,0.2857,29.71,0.2857,0.0072622038424015045,0.1822388917207718,0.1887124627828598,0.4685734808444977,-0.09448462724685669,0.06272760033607483,0.4172053933143616,0.00020421772205736488,0.0008159007993526757,1.021316409111023,64,0.0242,0.286,4,0,4,1,5,0.6,,,,,,,0.0925125926733017,0.817858099937439,2.051579475402832,0.01615,,0.2292
189,79889,0.0,24,2,0.3333,30.0,0.3333,0.016293542459607124,0.18598198890686035,0.17900332808494568,0.4990098476409912,-0.09343292564153671,0.10204385221004486,0.3719189167022705,0.0004672218638006598,0.0006574462167918682,0.8752720952033997,64,0.0284,0.333,4,0,2,0,9,0.778,0.0552,0.1854,0.042,0,45,1,0.10674728453159332,0.964754581451416,2.1028265953063965,0.01617,0.0417,0.2292
190,80276,0.0,24,2,0.1,29.4,0.1,0.008681083098053932,0.1527155637741089,0.1539977341890335,0.40622884035110474,-0.09228308498859406,0.05223880708217621,0.3739510774612427,0.00028164751711301506,0.0008033298654481769,0.9941123127937317,64,0.0367,0.1,3,0,7,2,3,0.667,,,,,,,0.0928296372294426,0.8863211870193481,2.128328800201416,0.01613,,0.2292
191,80662,0.0,24,2,0.125,28.88,0.125,0.008910192176699638,0.18559813499450684,0.19160902500152588,0.40183690190315247,-0.08303217589855194,0.024464011192321777,0.4186379611492157,0.00027961801970377564,0.0006921229069121182,1.1173871755599976,64,0.0437,0.125,3,0,6,1,5,1.0,,,,,,,0.07430922240018845,0.7189196348190308,2.043130397796631,0.01613,,0.2292
192,81085,0.0,24,2,0.25,29.75,0.25,0.004108136519789696,0.24669566750526428,0.25195935368537903,0.3610615134239197,-0.0917748212814331,0.02716652676463127,0.3730801045894623,0.00013129493163432926,0.0010169269517064095,1.0457813739776611,64,0.0239,0.375,2,1,5,0,6,0.833,,,,,,,0.0877571702003479,0.6812567710876465,2.1270346641540527,0.01613,,0.2292
193,81496,0.0,24,2,0.3333,29.33,0.3333,0.007298291195183992,0.20945331454277039,0.22022373974323273,0.35078373551368713,-0.0812855213880539,0.031232230365276337,0.35251373052597046,0.00016318455163855106,0.0006836428074166179,0.9582468867301941,64,0.0292,0.333,2,0,3,1,8,0.5,,,,,,,0.08482731878757477,0.7557801604270935,2.134153366088867,0.01612,,0.2292
194,81905,0.0,24,2,0.25,28.88,0.25,0.007708640769124031,0.18004527688026428,0.1730615198612213,0.5164481997489929,-0.09354574233293533,0.10903473943471909,0.3717862367630005,0.00025013534468598664,0.0008055284270085394,0.8544716238975525,64,0.0382,0.375,2,1,3,2,6,0.833,,,,,,,0.10947787761688232,0.7510811686515808,2.1410794258117676,0.01613,,0.2292
195,82328,0.0,24,2,0.0,29.62,0.0,0.00867905281484127,0.1558302640914917,0.15623526275157928,0.680590808391571,-0.09470494091510773,0.08682330697774887,0.5873925089836121,0.0002728997787926346,0.0005702658672817051,0.8013706207275391,64,0.041,0.0,2,0,6,2,6,1.0,,,,,,,0.11817869544029236,0.8570381999015808,2.053945541381836,0.01612,,0.2292
196,82664,0.0,24,2,0.4,30.0,0.4,0.008260035887360573,0.15167972445487976,0.1516444981098175,0.4768795073032379,-0.09281565248966217,0.11075291037559509,0.3280833661556244,0.0002460953837726265,0.0008042395929805934,0.9586032032966614,64,0.0255,0.4,5,0,3,0,6,1.0,0.0421,0.1435,0.146,1,36,5,0.09682385623455048,0.6983813047409058,2.1568284034729004,0.01615,0.125,0.2292
197,83062,0.0,24,2,0.25,29.75,0.25,0.007385195232927799,0.1828608512878418,0.1839757114648819,0.5454058051109314,-0.08149194717407227,0.07364429533481598,0.4633117616176605,0.00018030052888207138,0.0006518962327390909,0.9390908479690552,64,0.0231,0.5,3,1,2,0,9,1.0,,,,,,,0.08677749335765839,0.9482786059379578,1.9983398914337158,0.01619,,0.2292
198,83487,0.0,24,2,0.0,29.88,0.0,0.006223898380994797,0.18618422746658325,0.1924835741519928,0.42011019587516785,-0.08651889860630035,0.07534550130367279,0.33679431676864624,0.00017577163816895336,0.0007657514070160687,1.0471506118774414,64,0.0274,0.0,2,0,6,2,6,1.0,,,,,,,0.08262316882610321,0.7372268438339233,2.156240940093994,0.01618,,0.2292
199,83943,0.0,24,2,0.0,30.0,0.0,0.007966727949678898,0.23353801667690277,0.2314711958169937,0.40584424138069153,-0.08795963227748871,0.03944800794124603,0.40294528007507324,0.00022502057254314423,0.0004785026249010116,0.9363565444946289,64,0.0363,0.0,1,0,9,0,6,1.0,,,,,,,0.0939381867647171,0.6650817394256592,2.014866352081299,0.01617,,0.2292
200,84335,0.0,24,2,0.1429,29.43,0.1429,0.0116676464676857,0.22635072469711304,0.24457290768623352,0.39906227588653564,-0.08937130868434906,0.021134158596396446,0.4265402555465698,0.0002231692342320457,0.0007850004476495087,0.9123457074165344,64,0.0462,0.143,3,0,5,1,6,0.833,,,,,,,0.09795772284269333,0.7288805842399597,2.016757011413574,0.01616,,0.2292
201,84790,0.0,24,2,0.1667,29.33,0.1667,0.0053759426809847355,0.1989261507987976,0.2028345763683319,0.4672297537326813,-0.08547527343034744,0.05992422625422478,0.41728103160858154,0.00016727781621739268,0.0006230223225429654,0.8648968935012817,64,0.0515,0.167,1,0,4,1,9,1.0,,,,,,,0.09882712364196777,0.7641724348068237,2.024869918823242,0.01619,,0.2292
202,85203,0.0,24,2,0.2857,30.0,0.2857,0.008301272988319397,0.26904940605163574,0.27061381936073303,0.4022565186023712,-0.09382675588130951,0.04886796697974205,0.37987232208251953,0.00024102680617943406,0.0007390008540824056,1.0660555362701416,64,0.0193,0.286,2,0,5,0,7,0.714,,,,,,,0.08801300823688507,0.7260436415672302,2.1190297603607178,0.0162,,0.2292
203,85660,0.0,24,2,0.125,30.0,0.125,0.00695217726752162,0.2443217784166336,0.25199782848358154,0.3423864543437958,-0.09203135967254639,0.041285160928964615,0.32729852199554443,0.00021021693828515708,0.0009819595143198967,1.1048632860183716,64,0.0387,0.125,1,0,5,2,7,1.0,0.0447,0.1571,0.125,0,40,2,0.08329660445451736,0.7523965835571289,2.193432331085205,0.0162,0.125,0.2292
204,86081,0.0,24,2,0.375,29.62,0.375,0.006850943434983492,0.20014595985412598,0.19857974350452423,0.40424689650535583,-0.07993239909410477,0.04596230387687683,0.3712140619754791,0.00018620189803186804,0.0008416250348091125,1.0940226316452026,64,0.0279,0.375,2,0,5,0,6,0.667,,,,,,,0.07306283712387085,0.7223957777023315,2.114171028137207,0.01621,,0.2292
205,86534,0.0,24,2,0.2,29.8,0.2,0.00725323474034667,0.18223924934864044,0.18336248397827148,0.442148894071579,-0.0926843211054802,0.03584243357181549,0.44270411133766174,0.00020312221022322774,0.0008177697309292853,1.1665314435958862,64,0.0208,0.2,1,0,7,1,5,1.0,,,,,,,0.07945291697978973,0.729250431060791,2.1735799312591553,0.0162,,0.2292
206,86990,0.0,24,2,0.3333,30.0,0.3333,0.007191620767116547,0.14592719078063965,0.14783447980880737,0.5116655826568604,-0.09699693322181702,0.06483276188373566,0.4624778926372528,0.00018784783605951816,0.0006607648101635277,0.6666367650032043,64,0.0197,0.333,1,0,6,0,6,0.833,,,,,,,0.14550194144248962,0.777430534362793,1.9976806640625,0.01621,,0.2292
207,87435,0.0,24,2,0.0,29.86,0.0,0.009427405893802643,0.26707783341407776,0.25437673926353455,0.3440254330635071,-0.092225581407547,0.0468764565885067,0.3254099488258362,0.00026740218163467944,0.0006835262174718082,0.9533958435058594,64,0.0332,0.0,1,0,6,1,8,0.875,,,,,,,0.09673378616571426,0.7599990367889404,2.160937786102295,0.01621,,0.2292
208,87890,0.0,24,2,0.2,29.0,0.2,0.0073619987815618515,0.18425075709819794,0.19087328016757965,0.35801616311073303,-0.09137649834156036,0.05261624604463577,0.3253365457057953,0.00017104407015722245,0.0007529454887844622,1.1214321851730347,64,0.0273,0.2,1,0,3,1,10,1.0,,,,,,,0.08148196339607239,0.7486432790756226,2.1761012077331543,0.01625,,0.2292
209,88284,0.0,24,2,0.125,29.88,0.125,0.00945089478045702,0.23425626754760742,0.21642422676086426,0.3541751205921173,-0.09572803229093552,0.030953645706176758,0.37265661358833313,0.00024636980379000306,0.0006135703297331929,0.8238441348075867,64,0.0399,0.125,3,0,7,0,5,1.0,,,,,,,0.11619678139686584,0.7098607420921326,2.122748851776123,0.01624,,0.2292
210,88742,0.0,24,2,0.3333,29.83,0.3333,0.00698563177138567,0.22638671100139618,0.22663816809654236,0.5302784442901611,-0.08478275686502457,0.042025402188301086,0.5113705992698669,0.0002000298845814541,0.0007855916046537459,0.9326430559158325,64,0.0366,0.333,1,0,3,1,9,0.778,0.0489,0.1747,0.104,0,42,1,0.09090590476989746,0.7315497398376465,1.933611512184143,0.01626,0.1042,0.2292
211,89166,0.0,24,2,0.2222,29.89,0.2222,0.01754165068268776,0.18901699781417847,0.1815536469221115,0.3604639768600464,-0.088762566447258,0.05448738858103752,0.3257446885108948,0.0006303598056547344,0.0005802831146866083,0.8867473006248474,64,0.0285,0.222,2,0,6,1,5,1.0,,,,,,,0.10009905695915222,0.7924637198448181,2.172003984451294,0.01626,,0.2292
212,89562,0.0,24,2,0.1429,30.0,0.1429,0.0123582249507308,0.238540381193161,0.23905986547470093,0.5056331157684326,-0.08254608511924744,0.11372396349906921,0.3335416913032532,0.00039801784441806376,0.0010875837178900838,1.144990086555481,64,0.0155,0.143,3,0,6,0,6,0.833,,,,,,,0.07209327816963196,0.8426046371459961,2.140597343444824,0.01626,,0.2292
213,89960,0.0,24,2,0.0,30.0,0.0,0.00595688633620739,0.23201608657836914,0.22431643307209015,0.39214709401130676,-0.08255062252283096,0.043007515370845795,0.37116551399230957,0.00015329114103224128,0.0007006873493082821,1.0204647779464722,64,0.0253,0.0,3,0,5,0,8,0.875,,,,,,,0.08089511841535568,0.739915132522583,2.119878053665161,0.01626,,0.2292
214,90375,0.0,24,2,0.5,29.8,0.5,0.009544424712657928,0.1618005484342575,0.17478016018867493,0.44936516880989075,-0.09228086471557617,0.030882513150572777,0.4629323482513428,0.0002762189833447337,0.0006779466639272869,0.9968390464782715,64,0.0286,0.5,2,0,5,0,4,0.75,,,,,,,0.09257347881793976,0.6731428503990173,1.9833259582519531,0.01628,,0.2292
215,90799,0.0,24,2,0.2,29.2,0.2,0.0045860325917601585,0.22132229804992676,0.22943386435508728,0.4020228385925293,-0.09451843798160553,0.07613909244537354,0.32663577795028687,0.0001387501397402957,0.0007050924468785524,1.0497522354125977,64,0.0468,0.2,2,0,3,1,9,0.667,,,,,,,0.09003880620002747,0.7902898192405701,2.175790786743164,0.01628,,0.2292
216,91195,0.0,24,2,0.4,29.6,0.4,0.009225466288626194,0.20897921919822693,0.20664478838443756,0.4091707468032837,-0.0792389065027237,0.05024264007806778,0.3715238869190216,0.0003160582564305514,0.0006560191977769136,0.8508537411689758,64,0.0338,0.4,3,0,2,1,8,0.875,,,,,,,0.09312871098518372,0.8423092365264893,2.1120834350585938,0.01631,,0.2292
217,91617,0.0,24,2,0.2,30.0,0.2,0.008120919577777386,0.23272636532783508,0.2363777756690979,0.44727280735969543,-0.08534690737724304,0.06775189936161041,0.37128227949142456,0.0001489431015215814,0.0010333453537896276,1.164499044418335,64,0.047,0.2,2,0,4,0,9,0.667,0.0429,0.1412,0.146,0,39,2,0.07329066842794418,0.7470206618309021,2.1205739974975586,0.01631,0.1458,0.2292
218,92039,0.0,24,2,0.0,29.75,0.0,0.0070435297675430775,0.22708863019943237,0.22074811160564423,0.34145674109458923,-0.09682723134756088,0.046715836971998215,0.3258644640445709,0.00020173451048322022,0.0007595131173729897,0.8089929819107056,64,0.0235,0.0,2,0,1,3,10,0.8,,,,,,,0.11968859285116196,0.725371241569519,2.1538803577423096,0.01632,,0.2292
219,92459,0.0,24,2,0.2857,29.0,0.2857,0.00666761863976717,0.20505233108997345,0.20430168509483337,0.7657114267349243,-0.08858852833509445,0.06803865730762482,0.7016816139221191,0.00020316506561357528,0.0006616407772526145,0.7379516959190369,64,0.0314,0.286,2,0,4,1,7,1.0,,,,,,,0.12004651129245758,0.7037298679351807,1.7725296020507812,0.01634,,0.2292
220,92883,0.0,24,2,0.3333,29.33,0.3333,0.007089047692716122,0.2516457438468933,0.23929432034492493,0.40630337595939636,-0.09236128628253937,0.03270229697227478,0.4180905818939209,0.0001353581465082243,0.0006067787180654705,0.798139750957489,64,0.0451,0.333,2,0,3,1,8,0.875,,,,,,,0.11572068929672241,0.790956974029541,2.0794873237609863,0.01636,,0.2292
221,93308,0.0,24,2,0.25,29.88,0.25,0.010311849415302277,0.199273943901062,0.2172679603099823,0.39853256940841675,-0.09019872546195984,0.023965448141098022,0.41873621940612793,0.0003034618857782334,0.0008825669065117836,1.246325135231018,64,0.0244,0.25,2,0,4,2,6,0.833,,,,,,,0.07237175107002258,0.7105374336242676,2.018695831298828,0.01637,,0.2292
222,93753,0.0,24,2,0.4,29.4,0.4,0.008364679291844368,0.18968819081783295,0.18783944845199585,0.4938739240169525,-0.08773808926343918,0.12060162425041199,0.3254847228527069,0.00015247230476234108,0.0005969617050141096,1.1673001050949097,64,0.0196,0.4,1,0,1,2,10,0.8,,,,,,,0.07516327500343323,0.7909296751022339,2.2248263359069824,0.01639,,0.2292
223,94066,0.0,24,2,0.25,29.0,0.25,0.007743608206510544,0.2118714302778244,0.21325638890266418,0.5336955785751343,-0.0867108404636383,0.10316439718008041,0.38597041368484497,0.0002579202991910279,0.001124289003200829,0.8918581008911133,64,0.0348,0.25,5,0,4,2,3,0.667,,,,,,,0.09722493588924408,0.7260989546775818,2.057229995727539,0.01638,,0.2292
224,94462,0.0,24,2,0.2857,30.0,0.2857,0.008308709599077702,0.21526578068733215,0.21393772959709167,0.39298462867736816,-0.0964362695813179,0.026659134775400162,0.420545756816864,0.0002486490411683917,0.0006222751690074801,0.6122415661811829,64,0.0264,0.286,3,0,4,1,6,1.0,0.0439,0.1601,0.146,0,39,2,0.15751342475414276,0.6385376453399658,2.034217119216919,0.0164,0.1458,0.2292
225,94885,0.0,24,2,0.4444,29.89,0.4444,0.008426619693636894,0.22107690572738647,0.20979690551757812,0.34692806005477905,-0.09786418080329895,0.05076025426387787,0.32825955748558044,0.00019726838218048215,0.0006004866445437074,0.7471579909324646,64,0.0329,0.556,2,1,4,0,5,0.8,,,,,,,0.1309819221496582,0.8965797424316406,2.1577086448669434,0.01641,,0.2292
226,95249,0.0,24,2,0.25,30.0,0.25,0.007009546738117933,0.22787083685398102,0.23798924684524536,0.3658634424209595,-0.0946870893239975,0.03786180913448334,0.3712576925754547,0.00020667184435296804,0.0005427690339274704,0.7542562484741211,64,0.0202,0.25,4,0,6,0,4,1.0,,,,,,,0.12553703784942627,0.7871685028076172,2.093841075897217,0.01641,,0.2292
227,95645,0.0,24,2,0.1667,29.83,0.1667,0.005355905741453171,0.21232245862483978,0.22479599714279175,0.6835712194442749,-0.09002068638801575,0.0759287104010582,0.6081036329269409,0.00015438855916727334,0.0005452356417663395,0.8131809234619141,64,0.044,0.333,3,1,4,0,7,1.0,,,,,,,0.11070191860198975,0.974239706993103,2.059669017791748,0.01643,,0.2292
228,96036,0.0,24,2,0.2,28.6,0.2,0.006148776039481163,0.12737008929252625,0.1315292865037918,0.4482760727405548,-0.09494610130786896,0.030317453667521477,0.4419356882572174,0.00018814769282471389,0.0016260638367384672,0.8288640975952148,64,0.0481,0.2,3,0,2,2,8,0.875,,,,,,,0.1145496666431427,0.6586005091667175,2.185493230819702,0.01644,,0.2292
229,96512,0.0,24,2,0.2222,30.0,0.2222,0.0060029905289411545,0.2815511226654053,0.2769608199596405,0.4335651099681854,-0.0971672460436821,0.06840714812278748,0.3722391128540039,0.00012642907677218318,0.0008671584655530751,0.8781116604804993,64,0.0384,0.222,0,0,6,1,7,0.857,,,,,,,0.11065477877855301,0.8734025955200195,2.07481050491333,0.01644,,0.2292
230,96910,0.0,24,2,0.0,30.0,0.0,0.008182454854249954,0.22466789186000824,0.23487356305122375,0.4060550928115845,-0.09450891613960266,0.035292960703372955,0.41870182752609253,0.00021355313947424293,0.00045104921446181834,0.745964527130127,64,0.0155,0.0,3,0,4,0,9,0.667,,,,,,,0.12669357657432556,0.7348150014877319,2.0453641414642334,0.01644,,0.2292
231,97388,0.0,24,2,0.0,30.0,0.0,0.00902482308447361,0.2329043447971344,0.21648764610290527,0.42618483304977417,-0.09069009125232697,0.04441507160663605,0.41761183738708496,0.0002042122941929847,0.0004173183115199208,0.8584823608398438,64,0.0257,0.0,0,0,6,1,9,0.778,0.0375,0.1881,0.167,1,36,4,0.10564000904560089,0.6739585399627686,2.0490431785583496,0.01643,0.1458,0.2292
232,97755,0.0,24,2,0.5,30.0,0.5,0.01206749863922596,0.21076776087284088,0.20704662799835205,0.4107508063316345,-0.07947278022766113,0.03380943089723587,0.40293484926223755,0.00018544011982157826,0.0007867951062507927,1.2747467756271362,64,0.0262,0.5,4,0,2,0,8,0.75,,,,,,,0.06234396994113922,0.7257050275802612,2.180203437805176,0.01645,,0.2292
233,98120,0.0,24,2,0.4286,30.0,0.4286,0.00833990890532732,0.21320480108261108,0.23174241185188293,0.488532155752182,-0.08939570933580399,0.02591804228723049,0.5123006701469421,0.0002438986412016675,0.0005516440724022686,0.7585546970367432,64,0.0198,0.429,4,0,4,0,5,1.0,,,,,,,0.11785005778074265,0.7616561651229858,1.92337167263031,0.01647,,0.2292
234,98575,0.0,24,2,0.1429,29.57,0.1429,0.006287961732596159,0.18891499936580658,0.1864265650510788,0.6409764289855957,-0.09362106770277023,0.1408618539571762,0.4168728291988373,0.000203317787963897,0.0014400386717170477,0.9263296127319336,64,0.0236,0.143,1,0,5,1,8,1.0,,,,,,,0.10106668621301651,0.675643801689148,2.0963687896728516,0.01648,,0.2292
235,99002,0.0,24,2,0.2,29.8,0.2,0.005925882142037153,0.21450257301330566,0.21852070093154907,0.4362896680831909,-0.09412506222724915,0.02749309316277504,0.46253108978271484,0.00015983800403773785,0.000515898980665952,0.8290266394615173,64,0.0127,0.2,2,0,4,0,9,0.778,,,,,,,0.11353683471679688,0.7104309797286987,1.9896069765090942,0.01649,,0.2292
236,99456,0.0,24,2,0.3333,29.78,0.3333,0.009625590406358242,0.22637933492660522,0.23024660348892212,0.562591552734375,-0.09413570165634155,0.04444915056228638,0.5563080310821533,0.0002758334157988429,0.0004608368326444179,0.7035219669342041,64,0.0327,0.333,1,0,6,0,6,1.0,,,,,,,0.13380634784698486,0.6734349131584167,1.8571603298187256,0.01651,,0.2292
237,99881,0.0,24,2,0.2,29.8,0.2,0.007517416030168533,0.2106540948152542,0.2070043981075287,0.42281824350357056,-0.09526170045137405,0.06423825025558472,0.3716377019882202,0.00022152764722704887,0.0007186292787082493,0.6538269519805908,64,0.0262,0.2,2,0,3,1,9,0.889,,,,,,,0.1456986367702484,0.6300864815711975,2.116119861602783,0.01653,,0.2292
238,100000,0.0,24,2,0.2857,29.57,0.2857,0.005877487361431122,0.17884644865989685,0.18057236075401306,0.8180033564567566,-0.08603411912918091,0.029075725004076958,0.8351088762283325,0.0001644380099605769,0.0004310861404519528,0.7616368532180786,64,0.0288,0.286,2,0,5,0,7,1.0,0.0482,0.1478,0.062,0,41,4,0.11295949667692184,0.6888084411621094,2.0437071323394775,0.01656,0.0625,0.2292
239,100000,0.0,24,2,0.2857,30.0,0.2857,0.0109927449375391,0.20519021153450012,0.2252359390258789,0.8823856115341187,-0.07760829478502274,0.07873820513486862,0.7821310758590698,0.00021553282567765564,0.0008154553361237049,0.9176095128059387,64,0.0264,0.286,2,0,5,0,7,1.0,,,,,,,0.08457659184932709,0.8473171591758728,2.107302188873291,0.01655,,0.2292
240,100000,0.0,24,2,0.1,29.9,0.1,0.007372450083494186,0.2257809042930603,0.21249401569366455,0.7712168097496033,-0.09481049329042435,0.06074352189898491,0.7209376096725464,0.00021497358102351427,0.0009441057918593287,0.746254563331604,64,0.0273,0.1,3,0,8,1,3,0.667,,,,,,,0.12704846262931824,0.8181589841842651,2.05741548538208,0.01649,,0.2292
241,100000,0.0,24,2,0.0,29.5,0.0,0.010401901789009571,0.19294752180576324,0.19131861627101898,0.38141509890556335,-0.08542565256357193,0.06057820841670036,0.325544536113739,0.00022483410430140793,0.0008055911166593432,0.9356604814529419,64,0.0382,0.125,1,1,5,2,7,0.857,,,,,,,0.09129984676837921,0.7232356071472168,2.2331042289733887,0.01646,,0.2292
242,100000,0.0,24,2,0.0,30.0,0.0,0.007611494977027178,0.1923401951789856,0.19478848576545715,0.6016883850097656,-0.09722259640693665,0.06624234467744827,0.5501735806465149,0.00021414647926576436,0.000650107569526881,0.6119651198387146,64,0.0132,0.0,3,0,2,0,11,0.909,,,,,,,0.15886950492858887,0.6261023879051208,1.9419622421264648,0.01646,,0.2292
243,100000,0.0,24,2,0.1429,30.0,0.1429,0.006667822599411011,0.22173526883125305,0.22023071348667145,0.43590644001960754,-0.08615483343601227,0.047761015594005585,0.3979480266571045,0.00017607952759135514,0.001143648405559361,0.771407425403595,64,0.0302,0.143,2,0,6,0,7,0.857,,,,,,,0.11168525367975235,0.7908980846405029,2.0683000087738037,0.01646,,0.2292
244,100000,0.0,24,2,0.375,29.25,0.375,0.007107358891516924,0.2129647135734558,0.21205098927021027,0.5673052072525024,-0.09463421255350113,0.032129015773534775,0.5765767693519592,0.00020289963867980987,0.0008441849495284259,0.85431969165802,64,0.0411,0.375,3,0,5,0,5,1.0,,,,,,,0.11077142506837845,0.6763572692871094,1.9721651077270508,0.01646,,0.2292
245,100000,0.0,24,2,0.3333,30.0,0.3333,0.010851762257516384,0.2105923891067505,0.23992407321929932,0.488274484872818,-0.09323982894420624,0.07192053645849228,0.4225125312805176,0.00030107609927654266,0.000606428540777415,0.6992279887199402,64,0.0144,0.5,0,1,3,0,10,0.9,0.0414,0.195,0.208,1,33,5,0.1333468109369278,0.7817630767822266,2.017812728881836,0.01645,0.1875,0.2292
246,100000,0.0,24,2,0.4,30.0,0.4,0.007623419631272554,0.21084237098693848,0.2214052528142929,0.47067466378211975,-0.09589650481939316,0.06672947853803635,0.4172833263874054,0.00020078022498637438,0.0006331552285701036,0.9054873585700989,64,0.0177,0.4,2,0,3,0,9,0.778,,,,,,,0.10590595752000809,0.7271937727928162,2.047144889831543,0.01649,,0.2292
247,100000,0.0,24,2,0.4,29.8,0.4,0.00671297637745738,0.2110409438610077,0.2142411768436432,0.37438496947288513,-0.0871964693069458,0.04488477110862732,0.35277503728866577,0.00020681747992057353,0.0007614747155457735,0.8277426958084106,64,0.0112,0.4,1,0,3,0,10,0.9,,,,,,,0.10534248501062393,0.7272003889083862,2.1255526542663574,0.01658,,0.2292
248,100000,0.0,24,2,0.0,30.0,0.0,0.0077274274080991745,0.2469969093799591,0.2445506751537323,0.4149658977985382,-0.09767650812864304,0.040986742824316025,0.4174804389476776,0.00023333697754424065,0.000527539465110749,0.8244023323059082,64,0.021,0.0,5,0,3,1,7,1.0,,,,,,,0.1184815987944603,0.6898834705352783,2.0432381629943848,0.0166,,0.2292
249,100000,0.0,24,2,0.2,30.0,0.2,0.008970333263278008,0.2097960114479065,0.198064923286438,0.3992571532726288,-0.09473010897636414,0.0516711100935936,0.3772611916065216,0.00018752332834992558,0.0005353536689653993,0.7809934020042419,64,0.0233,0.2,1,0,4,0,10,0.8,,,,,,,0.12129437923431396,0.7686173319816589,2.056682825088501,0.01662,,0.2292
