iter,buffer,beta,roll_succ,roll_len,roll_ret,critic_loss,q_mean,target_mean,actor_loss,pg_loss,bc_loss,grip_loss,aux_c,aux_a,lam,n_expert,roll_min_pos,roll_close,roll_skip,roll_miss,roll_timeout,roll_fail,exp_kept,exp_succ,eval_min_pos,eval_min_rot,eval_close,eval_miss,eval_timeout,eval_fail,q_pi,a_absmean,grip_logit,buf_pos,eval_succ,best_succ
0,0,0.5,0.0,0.0,0.0,0.0031306021846830845,0.45516616106033325,0.4637492895126343,-0.08104826509952545,-0.10000000894069672,0.00560444500297308,0.0004369418602436781,0.00532185286283493,0.014611820690333843,0.15161369740962982,64,,0.0,2,0,0,0,0,0.0,,,,,,,0.6595710515975952,0.6496680974960327,13.98794174194336,,,-1.0
1,30,0.499,0.0,30.0,0.0,0.0024044890888035297,0.29655760526657104,0.29003095626831055,-0.06806948035955429,-0.10000000149011612,0.008050745353102684,0.013205429539084435,0.003730758326128125,0.0052472008392214775,0.23121540248394012,64,0.009,0.0,1,0,1,0,0,0.0,,,,,,,0.43249714374542236,0.6942591667175293,13.374702453613281,0.0,,-1.0
2,90,0.498,0.0,30.0,0.0,0.0022824506741017103,0.3008720576763153,0.3092348873615265,-0.0617351159453392,-0.09981386363506317,0.016046863049268723,0.00015020844875834882,0.0027467000763863325,0.011669622734189034,0.23681019246578217,64,0.0046,0.0,0,0,2,0,0,0.0,,,,,,,0.4214931130409241,0.6200341582298279,13.290069580078125,0.0,,-1.0
3,120,0.497,1.0,30.0,1.0,0.003306256141513586,0.30016613006591797,0.30133020877838135,-0.08133348077535629,-0.09999999403953552,0.006227707490324974,0.001754112308844924,0.0035763524938374758,0.008913964033126831,0.20226185023784637,64,0.0147,1.0,1,0,0,0,0,0.0,,,,,,,0.49440860748291016,0.7533442378044128,16.076778411865234,0.00833,,-1.0
4,120,0.496,0.0,0.0,0.0,0.0018754920456558466,0.33780568838119507,0.324789822101593,-0.07033316045999527,-0.09999999403953552,0.008123118430376053,0.011094669811427593,0.0025849693920463324,0.004651863127946854,0.2178954929113388,64,,0.0,2,0,0,0,0,0.0,,,,,,,0.45893561840057373,0.6038368940353394,13.988716125488281,0.00833,,-1.0
5,120,0.495,0.0,0.0,0.0,0.002772719133645296,0.29658186435699463,0.3021356165409088,-0.07254396378993988,-0.10000000149011612,0.01135648787021637,0.0005843512481078506,0.001776078948751092,0.008317428641021252,0.20933178067207336,64,,0.0,2,0,0,0,0,0.0,,,,,,,0.4777105748653412,0.6675130724906921,15.674456596374512,0.00833,,-1.0
6,180,0.494,0.0,30.0,0.0,0.0033940488938242197,0.2994542419910431,0.28889453411102295,0.06091683357954025,-0.09986057132482529,0.013701039366424084,0.12870661914348602,0.004068093374371529,0.0093374103307724,0.23550677299499512,64,0.0051,0.0,0,0,2,0,0,0.0,,,,,,,0.42402422428131104,0.734383225440979,15.009769439697266,0.00556,,-1.0
7,210,0.493,0.0,30.0,0.0,0.0021646860986948013,0.2774721384048462,0.2779347598552704,0.1919979751110077,-0.09834331274032593,0.027523621916770935,0.2312450259923935,0.002656222553923726,0.008098037913441658,0.2475949078798294,64,0.0094,0.0,1,0,1,0,0,0.0,,,,,,,0.39719438552856445,0.6386284828186035,13.242937088012695,0.00476,,-1.0
8,236,0.492,0.0,0.0,0.0,0.0024464153684675694,0.2916519343852997,0.2902449369430542,-0.024716351181268692,-0.10000000894069672,0.009660758078098297,0.05238986387848854,0.002672710455954075,0.007144555449485779,0.2304699420928955,64,,0.0,1,0,0,0,1,0.0,,,,,,,0.4338960647583008,0.6681511402130127,15.072222709655762,0.00424,,-1.0
9,236,0.491,0.0,0.0,0.0,0.0022249158937484026,0.26117265224456787,0.2610849142074585,-0.08422861248254776,-0.0994449183344841,0.005455351434648037,4.9777379899751395e-05,0.0032803930807858706,0.008511641062796116,0.21345026791095734,64,,0.0,2,0,0,0,0,0.0,,,,,,,0.4658927023410797,0.8453623652458191,15.887027740478516,0.00424,,-1.0
10,296,0.49,0.0,30.0,0.0,0.002872889395803213,0.26583683490753174,0.2719570994377136,-0.047296516597270966,-0.09983320534229279,0.023992350324988365,0.000410694454330951,0.0027391391340643167,0.008282584138214588,0.24953137338161469,64,0.0044,0.0,0,0,2,0,0,0.0,,,,,,,0.4000827670097351,0.6809996366500854,14.653388977050781,0.00338,,-1.0
11,354,0.489,0.0,29.0,0.0,0.0029344018548727036,0.2762463688850403,0.274611234664917,-0.059802763164043427,-0.10000000149011612,0.014016250148415565,0.006159593351185322,0.003406296717002988,0.012010274454951286,0.2218453735113144,64,0.0576,0.0,0,0,1,1,0,0.0,,,,,,,0.45076441764831543,0.7894349098205566,15.775250434875488,0.00282,,-1.0
12,354,0.488,0.0,0.0,0.0,0.004412835463881493,0.2317679524421692,0.2265731692314148,-0.06882874667644501,-0.09999999403953552,0.01084299199283123,0.005912956316024065,0.005081103183329105,0.007144594565033913,0.202133446931839,64,,0.0,2,0,0,0,0,0.0,,,,,,,0.4947226643562317,0.6886646151542664,15.443554878234863,0.00282,,-1.0
13,384,0.487,0.0,30.0,0.0,0.002119906712323427,0.2913552522659302,0.29302239418029785,-0.07257550209760666,-0.10000000894069672,0.01094043254852295,5.080492337583564e-05,0.0027606876101344824,0.010985669679939747,0.23090897500514984,64,0.0048,0.0,1,0,1,0,0,0.0,,,,,,,0.433071106672287,0.6668658256530762,16.1856632232666,0.0026,,-1.0
14,384,0.486,0.0,0.0,0.0,0.0027037058025598526,0.29086917638778687,0.286637544631958,-0.04292287677526474,-0.09999999403953552,0.009920780546963215,0.034175168722867966,0.00278060813434422,0.006120777223259211,0.22598297894001007,64,,0.0,2,0,0,0,0,0.0,,,,,,,0.4425112009048462,0.7316285371780396,14.856365203857422,0.0026,,-1.0
15,445,0.485,0.0,30.0,0.0,0.002664745319634676,0.2900365889072418,0.3004865050315857,-0.047465305775403976,-0.10000000894069672,0.024088460952043533,3.742913395399228e-05,0.0032625580206513405,0.008640703745186329,0.22833271324634552,64,0.0156,0.0,0,0,1,0,1,1.0,,,,,,,0.43795740604400635,0.825751006603241,15.74134635925293,0.00449,,-1.0
16,445,0.484,0.0,0.0,0.0,0.005862833932042122,0.3187897801399231,0.32289713621139526,-0.07808230072259903,-0.10000000149011612,0.008537225425243378,0.001286654151044786,0.004284687805920839,0.007113184314221144,0.23861578106880188,64,,0.0,2,0,0,0,0,0.0,,,,,,,0.41908377408981323,0.8037075996398926,15.68400764465332,0.00449,,-1.0
17,445,0.483,0.0,0.0,0.0,0.002857259940356016,0.24198508262634277,0.23892363905906677,-0.07840531319379807,-0.0999661237001419,0.009119070135056973,1.584928759257309e-05,0.003406871110200882,0.006613636389374733,0.24876432120800018,64,,0.0,2,0,0,0,0,0.0,,,,,,,0.40185075998306274,0.767290472984314,14.823598861694336,0.00449,,-1.0
18,445,0.482,0.0,0.0,0.0,0.0016246008453890681,0.3274126946926117,0.3307698369026184,-0.08885422348976135,-0.10000000894069672,0.0038769047241657972,2.5017088773893192e-05,0.0015190786216408014,0.0067339129745960236,0.23403151333332062,64,,0.0,2,0,0,0,0,0.0,,,,,,,0.4272928833961487,0.7887566089630127,15.616349220275879,0.00449,,-1.0
19,506,0.481,0.0,30.0,0.0,0.002664858940988779,0.38043057918548584,0.38008740544319153,-0.07592500746250153,-0.10000000894069672,0.010227901861071587,7.839794852770865e-05,0.003574744798243046,0.007081592921167612,0.22796683013439178,64,0.0059,0.0,0,0,1,0,1,1.0,,,,,,,0.43866032361984253,0.6982330083847046,15.39007568359375,0.00593,,-1.0
20,536,0.48,0.0,30.0,0.0,0.002452597953379154,0.29680487513542175,0.28557324409484863,-0.08524666726589203,-0.09999999403953552,0.004942666739225388,2.314244738954585e-05,0.002711088163778186,0.009689710102975368,0.23038800060749054,64,0.0068,0.0,1,0,1,0,0,0.0,,,,,,,0.43405038118362427,0.7062174081802368,15.085704803466797,0.0056,,-1.0
21,597,0.479,0.0,30.0,0.0,0.0034560482017695904,0.29889073967933655,0.3009933531284332,-0.06905440986156464,-0.09990638494491577,0.013370633125305176,3.675269545055926e-05,0.003180527361109853,0.00814791675657034,0.23918648064136505,64,0.0046,0.0,0,0,1,0,1,1.0,,,,,,,0.4176924526691437,0.7006821632385254,14.94581413269043,0.0067,,-1.0
22,651,0.478,0.5,27.0,0.5,0.0035598212853074074,0.2784759998321533,0.2771604657173157,0.7548075318336487,-0.10000000894069672,0.014508983120322227,0.822005033493042,0.002670795889571309,0.007569106295704842,0.21057550609111786,64,0.0284,0.5,0,0,0,1,0,0.0,,,,,,,0.47488903999328613,0.7403018474578857,15.286166191101074,0.00768,,-1.0
23,651,0.477,0.0,0.0,0.0,0.0030211028642952442,0.3113607168197632,0.30904263257980347,-0.06758100539445877,-0.09992057085037231,0.013671591877937317,2.3911878088256344e-05,0.002872701035812497,0.00994493905454874,0.23359838128089905,64,,0.0,2,0,0,0,0,0.0,,,,,,,0.42774513363838196,0.6978642344474792,14.967523574829102,0.00768,,-1.0
24,681,0.476,0.0,30.0,0.0,0.008656295016407967,0.2636626362800598,0.2665260434150696,-0.0726996585726738,-0.09988074004650116,0.011486552655696869,0.001095595769584179,0.001938169589266181,0.006224766373634338,0.21769313514232635,64,0.0047,0.0,1,0,1,0,0,0.0,,,,,,,0.4588143825531006,0.7370869517326355,14.744837760925293,0.00734,,-1.0
25,711,0.475,0.0,30.0,0.0,0.002060177270323038,0.29968106746673584,0.29507797956466675,-0.0825112983584404,-0.09981758892536163,0.0074767242185771465,0.00035386005765758455,0.0020727317314594984,0.003997967578470707,0.20923565328121185,64,0.0359,0.0,1,0,1,0,0,0.0,,,,,,,0.4770582318305969,0.7287145853042603,14.646881103515625,0.00703,,-1.0
26,711,0.474,0.0,0.0,0.0,0.0016526131657883525,0.3036237359046936,0.29311996698379517,-0.08642680197954178,-0.10000000149011612,0.00585615448653698,1.4829665815341286e-05,0.0017621724400669336,0.0036921314895153046,0.20501787960529327,64,,0.0,2,0,0,0,0,0.0,,,,,,,0.48776233196258545,0.7302911281585693,14.918180465698242,0.00703,,-1.0
27,711,0.473,0.0,0.0,0.0,0.009444099850952625,0.34069886803627014,0.36772769689559937,-0.06341227889060974,-0.09970322996377945,0.010036076419055462,0.013581045903265476,0.002153724431991577,0.005275510251522064,0.25177857279777527,64,,0.0,2,0,0,0,0,0.0,,,,,,,0.39599570631980896,0.8344388008117676,14.798042297363281,0.00703,,-1.0
28,741,0.472,0.0,30.0,0.0,0.004958313889801502,0.2725162208080292,0.26193225383758545,-0.0785573422908783,-0.09980973601341248,0.009029127657413483,8.853648068907205e-06,0.0019360966980457306,0.006370577495545149,0.20762386918067932,64,0.0144,0.0,1,0,0,1,0,0.0,,,,,,,0.48072385787963867,0.7257169485092163,14.577574729919434,0.00675,,-1.0
29,769,0.471,0.0,28.0,0.0,0.0026409910060465336,0.2813180685043335,0.2711786925792694,-0.04734949395060539,-0.09990344941616058,0.02403007075190544,9.274566764361225e-06,0.002159650670364499,0.008969075046479702,0.2509462237358093,64,0.0362,0.0,1,0,0,1,0,0.0,,,,,,,0.39810702204704285,0.8798127174377441,16.401124954223633,0.0065,,-1.0
30,800,0.47,0.0,0.0,0.0,0.0024411557242274284,0.2847668528556824,0.27296915650367737,-0.07346054911613464,-0.09999999403953552,0.011927217245101929,1.1675976566039026e-05,0.0023023539688438177,0.00534667307510972,0.229160338640213,64,,0.0,1,0,0,0,1,1.0,,,,,,,0.4363756775856018,0.6704391241073608,14.493064880371094,0.0075,,-1.0
31,860,0.469,0.0,30.0,0.0,0.0030864835716784,0.33842191100120544,0.3241395056247711,-0.07691990584135056,-0.09989990293979645,0.009982593357563019,0.0008133766241371632,0.00227867322973907,0.004402863327413797,0.21946151554584503,64,0.0079,0.0,0,0,2,0,0,0.0,,,,,,,0.45520463585853577,0.692072331905365,15.196744918823242,0.00698,,-1.0
32,890,0.468,0.0,30.0,0.0,0.002978712320327759,0.33976468443870544,0.3411196768283844,-0.08463514596223831,-0.09999999403953552,0.004919029772281647,5.078934918856248e-05,0.002458319766446948,0.010951993986964226,0.23765821754932404,64,0.0393,0.0,1,0,1,0,0,0.0,,,,,,,0.4207723140716553,0.7572306394577026,15.285345077514648,0.00674,,-1.0
33,920,0.467,0.0,30.0,0.0,0.0041898260824382305,0.25029677152633667,0.25827908515930176,-0.07360409200191498,-0.09999369084835052,0.012045461684465408,4.118301148992032e-05,0.0038107633590698242,0.004514985717833042,0.21830539405345917,64,0.0189,0.0,1,0,1,0,0,0.0,,,,,,,0.45804497599601746,0.6969708800315857,13.94503402709961,0.00652,,-1.0
34,950,0.466,0.0,30.0,0.0,0.0022153379395604134,0.26350775361061096,0.26683610677719116,-0.07021089643239975,-0.0999109223484993,0.013066552579402924,1.1193549653398804e-05,0.0021051913499832153,0.00711146229878068,0.23038963973522186,64,0.0102,0.0,1,0,1,0,0,0.0,,,,,,,0.43366068601608276,0.7467026710510254,16.564701080322266,0.00632,,-1.0
35,950,0.465,0.0,0.0,0.0,0.002608739770948887,0.3042706847190857,0.3027866780757904,-0.05605601891875267,-0.0995577871799469,0.020301368087530136,2.0305982616264373e-05,0.002484185853973031,0.005757451523095369,0.20972831547260284,64,,0.0,2,0,0,0,0,0.0,,,,,,,0.47469884157180786,0.7283081412315369,15.315774917602539,0.00632,,-1.0
36,1011,0.464,0.0,30.0,0.0,0.005776774138212204,0.29105621576309204,0.300820916891098,-0.08461717516183853,-0.09988299012184143,0.005304878111928701,5.106587195768952e-06,0.0022984647657722235,0.009301920421421528,0.24200735986232758,64,0.0045,0.0,0,0,1,0,1,1.0,,,,,,,0.41272708773612976,0.7337074279785156,15.535821914672852,0.00692,,-1.0
37,1042,0.463,0.0,0.0,0.0,0.007793680764734745,0.24294081330299377,0.2548035979270935,-0.07949002832174301,-0.09975654631853104,0.008344392292201519,7.274674317159224e-06,0.0022752846125513315,0.007140918169170618,0.2200499325990677,64,,0.0,1,0,0,0,1,1.0,,,,,,,0.4533359706401825,0.7069901823997498,15.370055198669434,0.00768,,-1.0
38,1042,0.462,0.0,0.0,0.0,0.0030242279171943665,0.24517390131950378,0.24318763613700867,-0.04478713124990463,-0.09999999403953552,0.02554307132959366,3.214115713490173e-05,0.002208651741966605,0.008189153857529163,0.22348375618457794,64,,0.0,2,0,0,0,0,0.0,,,,,,,0.4474598169326782,0.8154827356338501,15.294983863830566,0.00768,,-1.0
39,1042,0.461,0.0,0.0,0.0,0.007272644434124231,0.24384577572345734,0.25396740436553955,-0.08410003036260605,-0.09952469915151596,0.006352058611810207,9.599631084711291e-06,0.001341343973763287,0.005421907640993595,0.21567152440547943,64,,0.0,2,0,0,0,0,0.0,,,,,,,0.4614642560482025,0.7068719863891602,15.406257629394531,0.00768,,-1.0
40,1042,0.46,0.0,0.0,0.0,0.0021725078113377094,0.2779178023338318,0.2809308171272278,-0.059485528618097305,-0.0994705855846405,0.01792992278933525,0.0001692525838734582,0.0016862412448972464,0.00791191216558218,0.23946316540241241,64,,0.0,2,0,0,0,0,0.0,,,,,,,0.4153899550437927,0.6623131632804871,14.82398796081543,0.00768,,-1.0
41,1072,0.459,0.0,30.0,0.0,0.0024695838801562786,0.3074987828731537,0.3025591969490051,-0.07486753165721893,-0.09951140731573105,0.010259270668029785,9.979156857298221e-06,0.0032164331059902906,0.008230715990066528,0.2232031375169754,64,0.0086,0.0,1,0,1,0,0,0.0,,,,,,,0.44583338499069214,0.8372414112091064,16.55630874633789,0.00746,,-1.0
42,1102,0.458,0.0,30.0,0.0,0.00315070035867393,0.26913100481033325,0.26657232642173767,-0.08285000920295715,-0.0998108834028244,0.0065689850598573685,3.1692728953203186e-05,0.002553988713771105,0.007582432124763727,0.22182734310626984,64,0.0095,0.0,1,0,1,0,0,0.0,,,,,,,0.4499485492706299,0.7261142134666443,14.201831817626953,0.00726,,-1.0
43,1132,0.457,0.0,30.0,0.0,0.0041093905456364155,0.27987509965896606,0.2804882824420929,-0.06863810867071152,-0.09998409450054169,0.013070240616798401,1.742302265483886e-05,0.0014556028181686997,0.010376174002885818,0.24846553802490234,64,0.0051,0.0,1,0,1,0,0,0.0,,,,,,,0.4024062752723694,0.6556222438812256,15.383142471313477,0.00707,,-1.0
44,1162,0.456,0.0,30.0,0.0,0.0035705927293747663,0.33426570892333984,0.3559912443161011,-0.0819215327501297,-0.09920066595077515,0.007037458475679159,3.4814011087291874e-06,0.0024458393454551697,0.006401480175554752,0.24028538167476654,64,0.0046,0.0,1,0,1,0,0,0.0,,,,,,,0.4128451943397522,0.7375186681747437,16.65250015258789,0.00688,,-1.0
45,1222,0.455,0.0,30.0,0.0,0.004241877235472202,0.33264046907424927,0.3070157468318939,-0.0276483204215765,-0.09994055330753326,0.01341155543923378,0.0428040437400341,0.0021672158036381006,0.00533015513792634,0.2009422332048416,64,0.0069,0.0,0,0,2,0,0,0.0,,,,,,,0.49735963344573975,0.7911819815635681,15.277654647827148,0.00655,,-1.0
46,1247,0.454,0.0,25.0,0.0,0.0038426616229116917,0.2833378314971924,0.2776241600513458,-0.079890176653862,-0.09955340623855591,0.007641434203833342,5.458934174384922e-05,0.0025345394387841225,0.008651533164083958,0.23091988265514374,64,0.1209,0.0,1,0,0,1,0,0.0,,,,,,,0.43111667037010193,0.6419809460639954,14.217205047607422,0.00642,,-1.0
47,1277,0.453,0.0,30.0,0.0,0.005481491796672344,0.2938790023326874,0.31221145391464233,-0.07955720275640488,-0.09881827235221863,0.007879722863435745,9.061570017365739e-05,0.0026592486537992954,0.006822026800364256,0.2517486810684204,64,0.0076,0.0,1,0,1,0,0,0.0,,,,,,,0.3925274610519409,0.6650027632713318,14.759915351867676,0.00626,,-1.0
48,1307,0.452,0.0,30.0,0.0,0.001949989702552557,0.26653534173965454,0.26561203598976135,-0.08525821566581726,-0.09998250007629395,0.0059608034789562225,4.465882739168592e-06,0.0016725516179576516,0.005596427712589502,0.21465273201465607,64,0.0167,0.0,1,0,1,0,0,0.0,,,,,,,0.46578723192214966,0.7949554324150085,16.111589431762695,0.00612,,-1.0
49,1337,0.451,0.0,30.0,0.0,0.004078328609466553,0.2690927982330322,0.2846027612686157,-0.05122038349509239,-0.09969522058963776,0.022389888763427734,3.623354859882966e-05,0.0032967855222523212,0.007317658048123121,0.2384519875049591,64,0.0046,0.0,1,0,1,0,0,0.0,,,,,,,0.4180935025215149,0.8006560802459717,16.377683639526367,0.00598,,-1.0
50,1367,0.45,0.0,30.0,0.0,0.003413607133552432,0.28726720809936523,0.29632431268692017,-0.07947400212287903,-0.0995473861694336,0.008007893338799477,0.0002647346700541675,0.0015647978289052844,0.007585738319903612,0.2720615863800049,64,0.0061,0.0,1,0,1,0,0,0.0,0.3037,0.7281,0.0,0,20,0,0.3659002184867859,0.7820743918418884,15.477041244506836,0.00585,0.0,0.0
51,1398,0.449,0.0,0.0,0.0,0.002504250966012478,0.25165191292762756,0.23852333426475525,-0.05203323811292648,-0.09985651075839996,0.018568117171525955,0.007230481132864952,0.0019309648778289557,0.006913107819855213,0.24012719094753265,64,,0.0,1,0,0,0,1,1.0,,,,,,,0.41584840416908264,0.8710298538208008,16.142616271972656,0.00644,,0.0
52,1428,0.448,0.0,30.0,0.0,0.0032966467551887035,0.30578723549842834,0.30443888902664185,-0.08549705147743225,-0.0998048484325409,0.004662353079766035,2.5210676540154964e-05,0.0011956646339967847,0.009915756992995739,0.26215484738349915,64,0.0081,0.0,1,0,1,0,0,0.0,,,,,,,0.38070952892303467,0.7279442548751831,14.701282501220703,0.0063,,0.0
53,1458,0.447,0.0,30.0,0.0,0.006549574434757233,0.25364646315574646,0.24657858908176422,-0.07852587103843689,-0.09981120377779007,0.007866648957133293,3.925120836356655e-06,0.002698516706004739,0.011096219532191753,0.28629598021507263,64,0.0046,0.0,1,0,1,0,0,0.0,,,,,,,0.3486294448375702,0.7092200517654419,15.860269546508789,0.00617,,0.0
54,1518,0.446,0.0,30.0,0.0,0.005327520426362753,0.3033791780471802,0.3202943801879883,-0.08140336722135544,-0.0997762456536293,0.00751861184835434,6.5264921431662515e-06,0.002143199322745204,0.006658254656940699,0.24743643403053284,64,0.0049,0.0,0,0,2,0,0,0.0,,,,,,,0.403239905834198,0.7768446207046509,16.373743057250977,0.00593,,0.0
55,1518,0.445,0.0,0.0,0.0,0.0022828164510428905,0.3036954998970032,0.2978084087371826,-0.08067604154348373,-0.09944575279951096,0.008438731543719769,1.4948651369195431e-05,0.0018099306616932154,0.0037546055391430855,0.22815649211406708,64,,0.0,2,0,0,0,0,0.0,,,,,,,0.43586641550064087,0.7624079585075378,14.855938911437988,0.00593,,0.0
56,1518,0.444,0.0,0.0,0.0,0.0017379968194290996,0.2991599440574646,0.30288565158843994,-0.08379796892404556,-0.09910710155963898,0.006413797847926617,0.00010591182217467576,0.0023657430429011583,0.004751243628561497,0.23885391652584076,64,,0.0,2,0,0,0,0,0.0,,,,,,,0.4149276614189148,0.7245817184448242,15.40666675567627,0.00593,,0.0
57,1579,0.443,0.0,30.0,0.0,0.0036644404754042625,0.27201518416404724,0.25021636486053467,-0.08455324918031693,-0.09949728846549988,0.005636109039187431,6.170397227833746e-06,0.002706175670027733,0.0073312935419380665,0.23296919465065002,64,0.0513,0.0,0,0,1,0,1,1.0,,,,,,,0.42708346247673035,0.7936722636222839,17.147106170654297,0.00633,,0.0
58,1579,0.442,0.0,0.0,0.0,0.0036364239640533924,0.2326253056526184,0.23955059051513672,-0.08680257946252823,-0.09999999403953552,0.005167815834283829,1.8605313016450964e-05,0.0019696198869496584,0.005686353426426649,0.2311614751815796,64,,0.0,2,0,0,0,0,0.0,,,,,,,0.4325980544090271,0.6529814004898071,15.305046081542969,0.00633,,0.0
59,1609,0.441,0.0,30.0,0.0,0.0036927317269146442,0.31573790311813354,0.3173300623893738,-0.08405885845422745,-0.09900034964084625,0.005898822098970413,6.324577952909749e-06,0.0022254677023738623,0.006275042425841093,0.281007319688797,64,0.0161,0.0,1,0,1,0,0,0.0,,,,,,,0.35230523347854614,0.6364047527313232,15.134389877319336,0.00622,,0.0
60,1639,0.44,0.0,30.0,0.0,0.003828573739156127,0.3258577287197113,0.33688884973526,-0.07943095266819,-0.0984664112329483,0.008624445647001266,1.1764499504351988e-05,0.0015986558282747865,0.0035496102645993233,0.25803104043006897,64,0.007,0.0,1,0,1,0,0,0.0,,,,,,,0.3816068768501282,0.7280335426330566,15.71619701385498,0.0061,,0.0
61,1670,0.439,0.0,0.0,0.0,0.003644530661404133,0.2491922527551651,0.2506633698940277,-0.06888122111558914,-0.09983965754508972,0.014426982030272484,4.9900467274710536e-05,0.0021549935918301344,0.004109129309654236,0.2178301066160202,64,,0.0,1,0,0,0,1,1.0,,,,,,,0.45833730697631836,0.7514488101005554,14.555811882019043,0.00659,,0.0
62,1729,0.438,0.0,29.5,0.0,0.00463322876021266,0.26442331075668335,0.2596336603164673,0.12118321657180786,-0.09958557784557343,0.1089957058429718,8.968612746684812e-06,0.002532773884013295,0.005536820739507675,0.2502872049808502,64,0.016,0.0,0,0,1,1,0,0.0,,,,,,,0.39788520336151123,0.9238626956939697,16.122039794921875,0.00636,,0.0
63,1791,0.437,0.0,0.0,0.0,0.003168164286762476,0.2767057418823242,0.2858807146549225,-0.08194153010845184,-0.09934446215629578,0.007230242248624563,1.9291934222565033e-05,0.0022792371455579996,0.005846322514116764,0.24860863387584686,64,,0.0,0,0,0,0,2,1.0,,,,,,,0.3996018171310425,0.6385693550109863,14.773513793945312,0.00726,,0.0
64,1852,0.436,0.0,30.0,0.0,0.0034607811830937862,0.26785415410995483,0.26181599497795105,-0.01041464414447546,-0.09986723959445953,0.04298469424247742,9.418005356565118e-05,0.0029094612691551447,0.0067780534736812115,0.21758459508419037,64,0.0045,0.0,0,0,1,0,1,1.0,,,,,,,0.4589811861515045,0.7553112506866455,14.348787307739258,0.00756,,0.0
65,1852,0.435,0.0,0.0,0.0,0.0011350195854902267,0.2951541841030121,0.29535508155822754,-0.07803642004728317,-0.09936936944723129,0.009317315183579922,1.0906756870099343e-05,0.0012947808718308806,0.0053748139180243015,0.24028027057647705,64,,0.0,2,0,0,0,0,0.0,,,,,,,0.4135560989379883,0.7262596487998962,15.499605178833008,0.00756,,0.0
66,1852,0.434,0.0,0.0,0.0,0.000897212594281882,0.3044869601726532,0.2953701615333557,-0.08502589911222458,-0.09892882406711578,0.005772472824901342,9.35029675019905e-05,0.0010635602520778775,0.0045289588160812855,0.24536862969398499,64,,0.0,2,0,0,0,0,0.0,,,,,,,0.4031844735145569,0.7224084734916687,15.010700225830078,0.00756,,0.0
67,1882,0.433,0.0,30.0,0.0,0.00286983884871006,0.22739383578300476,0.22374701499938965,-0.05506601929664612,-0.09869193285703659,0.012539568357169628,0.01313086785376072,0.0019828006625175476,0.01083181519061327,0.24841947853565216,64,0.0168,0.0,1,0,0,1,0,0.0,,,,,,,0.39727938175201416,0.7389323115348816,14.96333122253418,0.00744,,0.0
68,1913,0.432,0.0,0.0,0.0,0.0029555009678006172,0.29844483733177185,0.29638588428497314,-0.05875660479068756,-0.09970561414957047,0.018582120537757874,0.00021026206377428025,0.0020188898779451847,0.007149013224989176,0.21128176152706146,64,,0.0,1,0,0,0,1,1.0,,,,,,,0.4719082713127136,0.6944290995597839,14.092622756958008,0.00784,,0.0
69,1944,0.431,0.0,0.0,0.0,0.0033394014462828636,0.33874475955963135,0.3490477204322815,-0.07586187869310379,-0.09998816251754761,0.01090105902403593,0.00030732579762116075,0.0029980253893882036,0.004033663310110569,0.2284833937883377,64,,0.0,1,0,0,0,1,1.0,,,,,,,0.437616765499115,0.7826992869377136,15.926980972290039,0.00823,,0.0
70,1944,0.43,0.0,0.0,0.0,0.003511273767799139,0.28526538610458374,0.277026891708374,0.005699911154806614,-0.09981705248355865,0.051291774958372116,1.9660899852169678e-05,0.004593173507601023,0.005827505607157946,0.22253039479255676,64,,0.0,2,0,0,0,0,0.0,,,,,,,0.448554664850235,0.8867179751396179,16.769615173339844,0.00823,,0.0
71,1944,0.429,0.0,0.0,0.0,0.0013910229317843914,0.2567385137081146,0.26011916995048523,-0.07401452213525772,-0.09808209538459778,0.010475708171725273,2.7934171157539822e-05,0.0015534994890913367,0.006176440976560116,0.2839871048927307,64,,0.0,2,0,0,0,0,0.0,,,,,,,0.3453751802444458,0.7515291571617126,15.733736991882324,0.00823,,0.0
72,1944,0.428,0.0,0.0,0.0,0.001215910306200385,0.25088852643966675,0.24908816814422607,-0.08781140297651291,-0.09966415166854858,0.004453322850167751,2.3489019440603442e-05,0.0015915748663246632,0.005845216568559408,0.2658657729625702,64,,0.0,2,0,0,0,0,0.0,,,,,,,0.37486645579338074,0.6752755045890808,14.464963912963867,0.00823,,0.0
73,1944,0.427,0.0,0.0,0.0,0.004806640092283487,0.3256424069404602,0.31316065788269043,-0.06955669820308685,-0.09982860088348389,0.01324016135185957,0.000410144857596606,0.0016271480126306415,0.006762869656085968,0.23968012630939484,64,,0.0,2,0,0,0,0,0.0,,,,,,,0.41650763154029846,0.718221127986908,15.11003589630127,0.00823,,0.0
74,2002,0.426,0.0,27.0,0.0,0.0029444873798638582,0.2908690571784973,0.30059680342674255,-0.07294571399688721,-0.09921830892562866,0.011300602927803993,6.651352305198088e-05,0.0017333057476207614,0.007209756411612034,0.2238401621580124,64,0.0354,0.0,0,0,0,1,1,0.0,,,,,,,0.44325515627861023,0.9068364500999451,15.11987018585205,0.00799,,0.0
75,2033,0.425,0.0,0.0,0.0,0.003500337013974786,0.33672839403152466,0.3246578574180603,-0.06418183445930481,-0.09973323345184326,0.015352527610957623,0.0005685029900632799,0.0028924946673214436,0.008555682376027107,0.24534597992897034,64,,0.0,1,0,0,0,1,1.0,,,,,,,0.40650036931037903,0.7759947776794434,15.823478698730469,0.00836,,0.0
76,2064,0.424,0.0,0.0,0.0,0.0042295902967453,0.27025821805000305,0.27003347873687744,0.009322354570031166,-0.0990363135933876,0.016983361914753914,0.07152823358774185,0.002019702922552824,0.005727413576096296,0.22691622376441956,64,,0.0,1,0,0,0,1,1.0,,,,,,,0.43644437193870544,0.7111870646476746,16.238422393798828,0.00872,,0.0
77,2094,0.423,0.0,30.0,0.0,0.004454813897609711,0.3057488799095154,0.303649365901947,-0.06658527255058289,-0.09822845458984375,0.014092005789279938,1.56160349433776e-05,0.002859555883333087,0.006887104362249374,0.27982720732688904,64,0.0041,0.0,1,0,1,0,0,0.0,,,,,,,0.3510325253009796,0.6935951113700867,15.672979354858398,0.0086,,0.0
78,2124,0.422,0.0,30.0,0.0,0.0036569698713719845,0.2843799293041229,0.2959994375705719,-0.08272167295217514,-0.09754857420921326,0.004880958236753941,0.001759089296683669,0.0018563400954008102,0.006611790973693132,0.3206346333026886,64,0.0117,0.0,1,0,1,0,0,0.0,,,,,,,0.30423587560653687,0.7554547786712646,16.249401092529297,0.00847,,0.0
79,2155,0.421,0.0,0.0,0.0,0.0034619905054569244,0.25364309549331665,0.2605319023132324,-0.08579478412866592,-0.09987812489271164,0.005984597839415073,4.3708158045774326e-05,0.0013046384556218982,0.004140890669077635,0.21881668269634247,64,,0.0,1,0,0,0,1,1.0,,,,,,,0.4564465880393982,0.6661582589149475,14.365001678466797,0.00882,,0.0
80,2155,0.42,0.0,0.0,0.0,0.002148617524653673,0.27334311604499817,0.2651527523994446,-0.05847939848899841,-0.09922443330287933,0.01876792684197426,2.046151530521456e-05,0.0021817912347614765,0.006377438083291054,0.28190869092941284,64,,0.0,2,0,0,0,0,0.0,,,,,,,0.35197365283966064,0.6234293580055237,14.797320365905762,0.00882,,0.0
81,2155,0.419,0.0,0.0,0.0,0.0023085589054971933,0.2973451018333435,0.3005979657173157,-0.07304045557975769,-0.09982894361019135,0.011794937774538994,0.00026534267817623913,0.0015798555687069893,0.005866532679647207,0.22141750156879425,64,,0.0,2,0,0,0,0,0.0,,,,,,,0.45086294412612915,0.7025353312492371,15.590094566345215,0.00882,,0.0
82,2185,0.418,0.0,30.0,0.0,0.003434407990425825,0.2223624289035797,0.21096166968345642,-0.08846433460712433,-0.0995393693447113,0.004554294049739838,2.741095522651449e-05,0.0014906120486557484,0.0038780681788921356,0.21600566804409027,64,0.0369,0.0,1,0,1,0,0,0.0,,,,,,,0.4608183205127716,0.7476176023483276,14.357030868530273,0.0087,,0.0
83,2215,0.417,0.0,30.0,0.0,0.004326585680246353,0.23919841647148132,0.25596243143081665,-0.06223287060856819,-0.09825161099433899,0.016720909625291824,1.411664743500296e-05,0.0030258512124419212,0.0051256027072668076,0.2165389358997345,64,0.0101,0.0,1,0,1,0,0,0.0,,,,,,,0.45373642444610596,0.6893035769462585,14.737434387207031,0.00858,,0.0
84,2246,0.416,0.0,0.0,0.0,0.00480318907648325,0.26219412684440613,0.2715378999710083,-0.07743087410926819,-0.09933528304100037,0.009619751945137978,1.0172179827350192e-05,0.004599651787430048,0.00530947744846344,0.23861916363239288,64,,0.0,1,0,0,0,1,1.0,,,,,,,0.41629213094711304,0.7947206497192383,16.081119537353516,0.0089,,0.0
85,2246,0.415,0.0,0.0,0.0,0.001983656082302332,0.35877081751823425,0.3499501049518585,-0.08165562152862549,-0.09929995238780975,0.007713647093623877,5.0678514526225626e-05,0.0013319785939529538,0.00433271424844861,0.19162771105766296,64,,0.0,2,0,0,0,0,0.0,,,,,,,0.5181919932365417,0.7511385679244995,16.08763885498047,0.0089,,0.0
86,2276,0.414,0.0,30.0,0.0,0.0027422336861491203,0.3511018753051758,0.345907986164093,-0.041615672409534454,-0.0992550179362297,0.02669033221900463,8.643003639008384e-06,0.0014673827681690454,0.008500078693032265,0.22149308025836945,64,0.0203,0.0,1,0,1,0,0,0.0,,,,,,,0.4481179416179657,0.7822995185852051,14.400293350219727,0.00879,,0.0
87,2307,0.413,0.0,0.0,0.0,0.002998996526002884,0.3142356276512146,0.31827113032341003,-0.014520276337862015,-0.09913486242294312,0.04096260666847229,3.2260265925287968e-06,0.002460204530507326,0.005372294224798679,0.26985782384872437,64,,0.0,1,0,0,0,1,1.0,,,,,,,0.36735963821411133,0.8498721122741699,16.89423942565918,0.0091,,0.0
88,2307,0.412,0.0,0.0,0.0,0.0013494845479726791,0.27568522095680237,0.2698020040988922,-0.08496050536632538,-0.09989765286445618,0.005672156345099211,0.0016651572659611702,0.001685889670625329,0.003855340648442507,0.17645108699798584,64,,0.0,2,0,0,0,0,0.0,,,,,,,0.5661492943763733,0.7555861473083496,15.798959732055664,0.0091,,0.0
89,2338,0.411,0.0,0.0,0.0,0.0017803305527195334,0.3130466639995575,0.3100627660751343,-0.08137333393096924,-0.09853918850421906,0.007104374468326569,3.96795803681016e-06,0.0016563907265663147,0.005906261503696442,0.2359807938337326,64,,0.0,1,0,0,0,1,1.0,,,,,,,0.41757291555404663,0.6846980452537537,15.559392929077148,0.00941,,0.0
90,2338,0.41,0.0,0.0,0.0,0.0017681729514151812,0.2986483871936798,0.31460216641426086,-0.08833643794059753,-0.09913081675767899,0.004607419483363628,1.590483407198917e-05,0.0011164617026224732,0.003127266652882099,0.21434421837329865,64,,0.0,2,0,0,0,0,0.0,,,,,,,0.4624842405319214,0.6815931797027588,14.574384689331055,0.00941,,0.0
91,2399,0.409,0.0,30.0,0.0,0.007712830323725939,0.32334786653518677,0.3128006160259247,-0.07559940218925476,-0.09979410469532013,0.01063911896198988,0.0001561907702125609,0.0016804272308945656,0.005520530045032501,0.22691845893859863,64,0.0111,0.0,0,0,1,0,1,1.0,,,,,,,0.4397795796394348,0.794135570526123,15.219107627868652,0.00959,,0.0
92,2429,0.408,0.0,30.0,0.0,0.004743719939142466,0.2547873258590698,0.26236024498939514,-0.06140074133872986,-0.09837391972541809,0.017033323645591736,0.0005066185840405524,0.0017995828529819846,0.004799830261617899,0.23749779164791107,64,0.0106,0.0,1,0,1,0,0,0.0,,,,,,,0.41420984268188477,0.7331180572509766,15.419706344604492,0.00947,,0.0
93,2459,0.407,0.0,30.0,0.0,0.00593528850004077,0.28845638036727905,0.285230815410614,-0.0692467913031578,-0.09978659451007843,0.014549560844898224,1.2118959602958057e-05,0.0013125048717483878,0.0028571232687681913,0.21268777549266815,64,0.0045,0.0,1,0,1,0,0,0.0,,,,,,,0.46916937828063965,0.6797823905944824,15.21833324432373,0.00935,,0.0
94,2459,0.406,0.0,0.0,0.0,0.0019504777155816555,0.29665812849998474,0.28407853841781616,-0.0860317051410675,-0.09988860785961151,0.005714543163776398,1.3176831998862326e-05,0.0017870054580271244,0.00482927868142724,0.2229572832584381,64,,0.0,2,0,0,0,0,0.0,,,,,,,0.44801682233810425,0.6783795356750488,15.983965873718262,0.00935,,0.0
95,2519,0.405,0.0,30.0,0.0,0.007139350287616253,0.28511103987693787,0.28854256868362427,-0.07954540103673935,-0.0999504029750824,0.00903413351625204,1.7699348973110318e-05,0.0014732538256794214,0.004638058599084616,0.20975075662136078,64,0.0086,0.0,0,0,2,0,0,0.0,,,,,,,0.4765198826789856,0.7569602727890015,13.45016860961914,0.00913,,0.0
96,2571,0.404,0.0,26.0,0.0,0.010516644455492496,0.31235140562057495,0.2965903878211975,-0.06798175722360611,-0.09885473549365997,0.014066873118281364,1.1323266335239168e-05,0.002337140729650855,0.005455809645354748,0.23003697395324707,64,0.0756,0.0,0,0,1,1,0,0.0,,,,,,,0.42973411083221436,0.7407047152519226,15.639387130737305,0.00895,,0.0
97,2616,0.403,0.0,22.5,0.0,0.002796512097120285,0.31680262088775635,0.32010942697525024,0.08449538052082062,-0.09973755478858948,0.00889677181839943,0.1640777438879013,0.002522715600207448,0.004723296035081148,0.24254336953163147,64,0.0836,0.0,0,0,1,1,0,0.0,,,,,,,0.41121533513069153,0.6898152232170105,14.96154499053955,0.00879,,0.0
98,2646,0.402,0.0,30.0,0.0,0.0031904377974569798,0.29951584339141846,0.31484147906303406,-0.08414863795042038,-0.09838678687810898,0.006182519253343344,1.5887639165157452e-05,0.0016283998265862465,0.0037144534289836884,0.20456774532794952,64,0.0249,0.0,1,0,1,0,0,0.0,,,,,,,0.48094964027404785,0.6516479253768921,14.224931716918945,0.00869,,0.0
99,2677,0.401,0.0,0.0,0.0,0.0036493020597845316,0.3002881109714508,0.30405303835868835,-0.08181115984916687,-0.09878566861152649,0.0067208982072770596,1.2577016605064273e-05,0.0011325950035825372,0.007040283177047968,0.29577308893203735,64,,0.0,1,0,0,0,1,1.0,,,,,,,0.3339914083480835,0.7277004718780518,15.47783088684082,0.00897,,0.0
100,2727,0.4,0.0,25.0,0.0,0.0033265636302530766,0.2860034704208374,0.2748969793319702,-0.08345111459493637,-0.09867973625659943,0.006780998315662146,6.0635652516793925e-06,0.0015175925800576806,0.003321123542264104,0.22481496632099152,64,0.1454,0.0,0,0,1,1,0,0.0,0.1695,0.6731,0.0,0,19,1,0.43893760442733765,0.7382737994194031,15.144094467163086,0.0088,0.0,0.0
101,2758,0.399,0.0,0.0,0.0,0.005333847366273403,0.29116693139076233,0.29275959730148315,-0.07944422960281372,-0.09890633821487427,0.008664648048579693,4.827984594157897e-05,0.0019210405880585313,0.004169060382992029,0.25992000102996826,64,,0.0,1,0,0,0,1,1.0,,,,,,,0.380526065826416,0.7199406623840332,14.656974792480469,0.00906,,0.0
102,2758,0.398,0.0,0.0,0.0,0.004982961341738701,0.2827325463294983,0.27090775966644287,-0.06915941834449768,-0.09952647984027863,0.01242922618985176,0.00395178934559226,0.003192894859239459,0.0031136374454945326,0.22084827721118927,64,,0.0,2,0,0,0,0,0.0,,,,,,,0.450655460357666,0.7132415771484375,15.08650016784668,0.00906,,0.0
103,2788,0.397,0.0,30.0,0.0,0.003131396137177944,0.3398396372795105,0.3324347734451294,-0.07971490174531937,-0.09909749031066895,0.008505799807608128,6.794644832552876e-06,0.0012759034289047122,0.004728390369564295,0.2408188134431839,64,0.0085,0.0,1,0,1,0,0,0.0,,,,,,,0.41150230169296265,0.6389943361282349,14.946367263793945,0.00897,,0.0
104,2818,0.396,0.0,30.0,0.0,0.0023144339211285114,0.3052525520324707,0.3137763738632202,-0.08658942580223083,-0.09945689141750336,0.005559360608458519,3.7605601391987875e-05,0.0013607647269964218,0.0034222763497382402,0.2381134033203125,64,0.0238,0.0,1,0,1,0,0,0.0,,,,,,,0.4176870882511139,0.6784189939498901,15.517887115478516,0.00887,,0.0
105,2848,0.395,0.0,30.0,0.0,0.002340794075280428,0.2619090676307678,0.2672513723373413,-0.08105738461017609,-0.09954974055290222,0.008197778835892677,2.3055768906488083e-05,0.0024047193583101034,0.0041475072503089905,0.22331969439983368,64,0.006,0.0,1,0,1,0,0,0.0,,,,,,,0.44577232003211975,0.731743335723877,16.71753692626953,0.00878,,0.0
106,2848,0.394,0.0,0.0,0.0,0.0024504601024091244,0.3179439902305603,0.3349941372871399,-0.08238894492387772,-0.09843359887599945,0.007178802043199539,2.759460221568588e-05,0.0011931449407711625,0.0033189088571816683,0.2010173350572586,64,,0.0,2,0,0,0,0,0.0,,,,,,,0.48967719078063965,0.6478905081748962,14.297364234924316,0.00878,,0.0
107,2848,0.393,0.0,0.0,0.0,0.0019234807696193457,0.2193268984556198,0.219866544008255,-0.0788111537694931,-0.09922647476196289,0.009487123228609562,7.811293471604586e-06,0.0021310318261384964,0.002866539638489485,0.21974575519561768,64,,0.0,2,0,0,0,0,0.0,,,,,,,0.45155125856399536,0.7138650417327881,14.362737655639648,0.00878,,0.0
108,2848,0.392,0.0,0.0,0.0,0.0013315265532582998,0.35186922550201416,0.3460221290588379,-0.08739013224840164,-0.09936525672674179,0.005169534124433994,7.3431883720331825e-06,0.0009426428005099297,0.003257422475144267,0.24740934371948242,64,,0.0,2,0,0,0,0,0.0,,,,,,,0.4016228914260864,0.7556610107421875,16.533653259277344,0.00878,,0.0
109,2848,0.391,0.0,0.0,0.0,0.00150776538066566,0.32626402378082275,0.33533626794815063,-0.0855603739619255,-0.0981682538986206,0.005626637488603592,9.27492874325253e-06,0.0009182063513435423,0.002690663794055581,0.20148487389087677,64,,0.0,2,0,0,0,0,0.0,,,,,,,0.48722389340400696,0.6463276147842407,14.58650016784668,0.00878,,0.0
110,2908,0.39,0.0,30.0,0.0,0.01280590333044529,0.29709392786026,0.2970846891403198,0.04685632139444351,-0.09929846227169037,0.013254346325993538,0.11628399044275284,0.0020462379325181246,0.006724206730723381,0.21122221648693085,64,0.0124,0.0,0,0,2,0,0,0.0,,,,,,,0.47011369466781616,0.8282455205917358,16.48943328857422,0.0086,,0.0
111,2908,0.389,0.0,0.0,0.0,0.0026508106384426355,0.36707165837287903,0.36168259382247925,-0.07933323085308075,-0.0994681715965271,0.008239218965172768,8.049957614275627e-06,0.0011080180993303657,0.0072969249449670315,0.20614373683929443,64,,0.0,2,0,0,0,0,0.0,,,,,,,0.4825185239315033,0.679023265838623,15.124183654785156,0.0086,,0.0
112,2962,0.388,0.0,27.0,0.0,0.007870773784816265,0.2797807455062866,0.2734129726886749,-0.0707826316356659,-0.0980985090136528,0.011934198439121246,1.0781700439110864e-05,0.00400059437379241,0.006873401813209057,0.2993130683898926,64,0.0634,0.0,0,0,1,1,0,0.0,,,,,,,0.3277454972267151,0.735132098197937,16.872468948364258,0.00844,,0.0
113,2992,0.387,0.0,30.0,0.0,0.003743890207260847,0.3148183226585388,0.3145751357078552,-0.08509918302297592,-0.10000000894069672,0.0067982664331793785,2.9762448320980184e-05,0.0021167562808841467,0.002549049211665988,0.22506459057331085,64,0.0074,0.0,1,0,1,0,0,0.0,,,,,,,0.44431692361831665,0.7303131818771362,13.90329647064209,0.00836,,0.0
114,3021,0.386,0.0,29.0,0.0,0.003532300004735589,0.30164414644241333,0.2978905439376831,-0.07137392461299896,-0.09942290186882019,0.012367404997348785,0.0012182173086330295,0.0024374830536544323,0.004191907588392496,0.23445327579975128,64,0.0232,0.0,1,0,0,1,0,0.0,,,,,,,0.42406272888183594,0.6777740716934204,15.420855522155762,0.00828,,0.0
115,3082,0.385,0.0,30.0,0.0,0.0060702236369252205,0.3181229531764984,0.3070465326309204,-0.07646845281124115,-0.0999697670340538,0.010551519691944122,3.7605298075504834e-06,0.0015887465560808778,0.004789017606526613,0.220603808760643,64,0.0093,0.0,0,0,1,0,1,1.0,,,,,,,0.453164279460907,0.7923523187637329,16.473552703857422,0.00844,,0.0
116,3113,0.384,0.0,0.0,0.0,0.00821917038410902,0.3079770803451538,0.2997525930404663,-0.08576080948114395,-0.09919311851263046,0.005746979266405106,2.0938921352353645e-06,0.002082169521600008,0.0038725067861378193,0.22160641849040985,64,,0.0,1,0,0,0,1,1.0,,,,,,,0.44760942459106445,0.7877410650253296,17.87091827392578,0.00867,,0.0
117,3143,0.383,0.0,30.0,0.0,0.005921713542193174,0.3344220817089081,0.3440488576889038,-0.07844811677932739,-0.09982457756996155,0.009474750608205795,8.274960237031337e-06,0.0020697982981801033,0.004837364889681339,0.24702437222003937,64,0.0058,0.0,1,0,1,0,0,0.0,,,,,,,0.4041081964969635,0.6387934684753418,15.492713928222656,0.00859,,0.0
118,3143,0.382,0.0,0.0,0.0,0.003517830977216363,0.33147019147872925,0.3186326026916504,-0.06724894791841507,-0.09909042716026306,0.015178775414824486,2.384400204391568e-06,0.0015949648804962635,0.0029630842618644238,0.2618933618068695,64,,0.0,2,0,0,0,0,0.0,,,,,,,0.37836170196533203,0.738606333732605,16.950511932373047,0.00859,,0.0
119,3173,0.381,0.0,30.0,0.0,0.00538303516805172,0.31482118368148804,0.31628134846687317,-0.07290840893983841,-0.09941646456718445,0.012116956524550915,3.739412477443693e-06,0.0014370845165103674,0.00454080430790782,0.24521727859973907,64,0.0053,0.0,1,0,1,0,0,0.0,,,,,,,0.4054219126701355,0.7457298040390015,17.143951416015625,0.00851,,0.0
120,3203,0.38,0.0,30.0,0.0,0.004019846674054861,0.2943950891494751,0.2857285141944885,-0.08980753272771835,-0.09963946789503098,0.0043183364905416965,3.3989063012995757e-06,0.0012662468943744898,0.002383721061050892,0.20950822532176971,64,0.0046,0.0,1,0,1,0,0,0.0,,,,,,,0.4755873680114746,0.7332097887992859,15.421992301940918,0.00843,,0.0
121,3264,0.379,0.0,30.0,0.0,0.0031843259930610657,0.2417943775653839,0.23999223113059998,-0.07953839749097824,-0.09947279095649719,0.009177747182548046,3.715080310939811e-05,0.0030713516753166914,0.003083491697907448,0.23579449951648712,64,0.0171,0.0,0,0,1,0,1,1.0,,,,,,,0.4218621850013733,0.7279602885246277,15.19703483581543,0.00858,,0.0
122,3294,0.378,0.0,30.0,0.0,0.002708527259528637,0.28058457374572754,0.2868542969226837,-0.07507231086492538,-0.09970959275960922,0.010754495859146118,0.000839502434246242,0.00195887079462409,0.004577575717121363,0.22266092896461487,64,0.0107,0.0,1,0,1,0,0,0.0,,,,,,,0.447809100151062,0.649452805519104,14.213051795959473,0.0085,,0.0
123,3354,0.377,0.0,30.0,0.0,0.004741578828543425,0.31797823309898376,0.313223659992218,-0.07846169173717499,-0.09945020079612732,0.008942997083067894,1.7986565126193454e-06,0.0022399083245545626,0.0062014260329306126,0.23180535435676575,64,0.0164,0.0,0,0,2,0,0,0.0,,,,,,,0.4290245771408081,0.7895821332931519,17.380939483642578,0.00835,,0.0
124,3385,0.376,0.0,0.0,0.0,0.00762891722843051,0.30164527893066406,0.3047894835472107,-0.08262718468904495,-0.09840506315231323,0.007051439955830574,2.2976578293310013e-06,0.0023830693680793047,0.003345417557284236,0.24212823808193207,64,,0.0,1,0,0,0,1,1.0,,,,,,,0.4064171314239502,0.7055241465568542,14.383071899414062,0.00857,,0.0
125,3415,0.375,0.0,30.0,0.0,0.0014772176509723067,0.3189055919647217,0.3210400938987732,-0.08724459260702133,-0.09977532923221588,0.005334485322237015,0.00013896480959374458,0.0009412335348315537,0.0034455941058695316,0.198231503367424,64,0.0094,0.0,1,0,1,0,0,0.0,,,,,,,0.5033273100852966,0.7074193954467773,15.2731351852417,0.00849,,0.0
126,3475,0.374,0.0,30.0,0.0,0.008671403862535954,0.3280465602874756,0.3038148581981659,-0.07415127009153366,-0.09918524324893951,0.011201663874089718,4.18504032495548e-06,0.002541950671002269,0.005252914037555456,0.16725195944309235,64,0.0449,0.0,0,0,2,0,0,0.0,,,,,,,0.5930289030075073,0.6289013624191284,14.336006164550781,0.00835,,0.0
127,3506,0.373,0.0,0.0,0.0,0.004710531793534756,0.2579580843448639,0.27527910470962524,-0.07518082112073898,-0.09914746135473251,0.011050570756196976,2.6143734430661425e-06,0.0026779279578477144,0.0037257627118378878,0.21292828023433685,64,,0.0,1,0,0,0,1,1.0,,,,,,,0.46563783288002014,0.7129286527633667,16.571643829345703,0.00856,,0.0
128,3506,0.372,0.0,0.0,0.0,0.0019878391176462173,0.3136536478996277,0.30395206809043884,-0.08497585356235504,-0.09983795881271362,0.00610657362267375,4.204192373435944e-05,0.0013686403399333358,0.005213832017034292,0.24882350862026215,64,,0.0,2,0,0,0,0,0.0,,,,,,,0.4012400507926941,0.825497031211853,17.355527877807617,0.00856,,0.0
129,3537,0.371,0.0,0.0,0.0,0.0029060756787657738,0.35007214546203613,0.3493361473083496,-0.07074885070323944,-0.09925707429647446,0.013219239190220833,4.124786300963024e-06,0.0016048626275733113,0.004131230525672436,0.22777731716632843,64,,0.0,1,0,0,0,1,1.0,,,,,,,0.4357636570930481,0.7631620764732361,17.022520065307617,0.00876,,0.0
130,3568,0.37,0.0,0.0,0.0,0.0062968190759420395,0.28062915802001953,0.2788824737071991,-0.07891348749399185,-0.09862338751554489,0.00876099057495594,4.8246083679259755e-06,0.0024800198152661324,0.004366176202893257,0.22761200368404388,64,,0.0,1,0,0,0,1,1.0,,,,,,,0.4332960844039917,0.7089694738388062,17.69200897216797,0.00897,,0.0
131,3598,0.369,0.0,30.0,0.0,0.0038189738988876343,0.2605459690093994,0.2692949175834656,-0.08372700959444046,-0.09990856051445007,0.007097325753420591,1.1781258763221558e-05,0.00116006750613451,0.003950240556150675,0.20721054077148438,64,0.0092,0.0,1,0,1,0,0,0.0,,,,,,,0.48215964436531067,0.5899896621704102,14.93215560913086,0.00889,,0.0
132,3626,0.368,1.0,28.0,1.0,0.0024274843744933605,0.26550614833831787,0.2641582787036896,-0.07892338931560516,-0.0977407693862915,0.00848480872809887,2.5672366973594762e-05,0.001328595681115985,0.0036441751290112734,0.25887855887413025,64,0.0389,1.0,1,0,0,0,0,0.0,,,,,,,0.3775545358657837,0.6322959065437317,16.38371467590332,0.0091,,0.0
133,3686,0.367,0.0,30.0,0.0,0.004682070575654507,0.28623977303504944,0.2877129316329956,-0.07588018476963043,-0.09994163364171982,0.008792351931333542,0.004698778502643108,0.0026591047644615173,0.0035559418611228466,0.19554710388183594,64,0.0051,0.0,0,0,2,0,0,0.0,,,,,,,0.5110872983932495,0.6118083000183105,14.689530372619629,0.00895,,0.0
134,3686,0.366,0.0,0.0,0.0,0.006116305477917194,0.3018333315849304,0.30068811774253845,-0.08957858383655548,-0.09947522729635239,0.004129103850573301,2.2907413494976936e-06,0.0012341062538325787,0.003272297326475382,0.23149238526821136,64,,0.0,2,0,0,0,0,0.0,,,,,,,0.42971277236938477,0.6621499061584473,16.372453689575195,0.00895,,0.0
135,3686,0.365,0.0,0.0,0.0,0.0024925144389271736,0.2823457717895508,0.2666470408439636,-0.08676701784133911,-0.09978324174880981,0.00558219850063324,7.777236533001997e-06,0.001273948117159307,0.0036880895495414734,0.23070411384105682,64,,0.0,2,0,0,0,0,0.0,,,,,,,0.43251609802246094,0.7416186332702637,15.708651542663574,0.00895,,0.0
136,3716,0.364,0.0,30.0,0.0,0.0051409583538770676,0.25060775876045227,0.2644346058368683,-0.07722573727369308,-0.09855492413043976,0.009684068150818348,1.6603286212557578e-06,0.0015078854048624635,0.003918780013918877,0.22496305406093597,64,0.0058,0.0,1,0,1,0,0,0.0,,,,,,,0.43809381127357483,0.8121449947357178,17.780025482177734,0.00888,,0.0
137,3716,0.363,0.0,0.0,0.0,0.0015194141305983067,0.34479206800460815,0.34812116622924805,-0.08299329876899719,-0.09812730550765991,0.0069115543738007545,4.013065790786641e-06,0.0010729976929724216,0.0026137635577470064,0.19329358637332916,64,,0.0,2,0,0,0,0,0.0,,,,,,,0.5076594352722168,0.7209806442260742,15.728727340698242,0.00888,,0.0
138,3746,0.362,0.0,30.0,0.0,0.0012571915285661817,0.372825562953949,0.37317752838134766,-0.08793818205595016,-0.09842565655708313,0.004657149314880371,1.81297891685972e-05,0.001081549096852541,0.002310102107003331,0.2118062525987625,64,0.0047,0.0,1,0,1,0,0,0.0,,,,,,,0.46469661593437195,0.7064883708953857,16.15918731689453,0.00881,,0.0
139,3806,0.361,0.0,30.0,0.0,0.004771919455379248,0.29547494649887085,0.2982717752456665,-0.06685427576303482,-0.0999072939157486,0.012631013989448547,0.005673084408044815,0.002899487502872944,0.004235816653817892,0.23098058998584747,64,0.0167,0.0,0,0,2,0,0,0.0,,,,,,,0.43253546953201294,0.6606804728507996,16.89453125,0.00867,,0.0
140,3836,0.36,0.0,30.0,0.0,0.0038473152089864016,0.28724223375320435,0.28413307666778564,-0.07104507833719254,-0.09941940754652023,0.013404589146375656,2.937199860753026e-05,0.0017937846714630723,0.0030715675093233585,0.22307029366493225,64,0.025,0.0,1,0,1,0,0,0.0,,,,,,,0.4456864595413208,0.6950764656066895,17.046892166137695,0.0086,,0.0
141,3836,0.359,0.0,0.0,0.0,0.0029287999495863914,0.24962584674358368,0.25661078095436096,-0.07359323650598526,-0.09843967854976654,0.011594315990805626,6.6813936427934095e-06,0.0015611909329891205,0.0033022493589669466,0.2816002368927002,64,,0.0,2,0,0,0,0,0.0,,,,,,,0.34957242012023926,0.7118794322013855,16.846492767333984,0.0086,,0.0
142,3866,0.358,0.0,30.0,0.0,0.0073175374418497086,0.25510990619659424,0.2426031231880188,-0.05842989683151245,-0.09976556897163391,0.019848361611366272,1.0581360356809455e-06,0.001992712030187249,0.0032757800072431564,0.1967252641916275,64,0.0198,0.0,1,0,1,0,0,0.0,,,,,,,0.5071314573287964,0.8382977247238159,18.740224838256836,0.00854,,0.0
143,3927,0.357,0.0,30.0,0.0,0.006071694195270538,0.2772452235221863,0.2779284715652466,-0.07983732223510742,-0.09877774864435196,0.008649315685033798,7.446533345500939e-06,0.0023255906999111176,0.0032687075436115265,0.22796466946601868,64,0.0053,0.0,0,0,1,0,1,1.0,,,,,,,0.4333028495311737,0.7119366526603699,17.01639175415039,0.00866,,0.0
144,3927,0.356,0.0,0.0,0.0,0.003126217285171151,0.29165786504745483,0.28002530336380005,-0.08609171211719513,-0.09906569123268127,0.005594407673925161,4.859460204897914e-06,0.0016728952759876847,0.003560618730261922,0.24578344821929932,64,,0.0,2,0,0,0,0,0.0,,,,,,,0.4030609130859375,0.6487419009208679,16.238182067871094,0.00866,,0.0
145,3957,0.355,0.0,30.0,0.0,0.0031666045542806387,0.26232168078422546,0.2557697892189026,-0.05445268377661705,-0.09845736622810364,0.020744770765304565,5.112645339977462e-06,0.0015851777279749513,0.0050200591795146465,0.2309054583311081,64,0.0069,0.0,1,0,1,0,0,0.0,,,,,,,0.42639684677124023,0.7968413829803467,17.806814193725586,0.00859,,0.0
146,4018,0.354,0.0,30.0,0.0,0.009194971062242985,0.25076258182525635,0.26414695382118225,-0.08751136809587479,-0.09967729449272156,0.005144159775227308,1.5898345736786723e-05,0.0019682124257087708,0.0037234160117805004,0.24984753131866455,64,0.03,0.0,0,0,1,0,1,1.0,,,,,,,0.3989524841308594,0.7247436046600342,16.06336212158203,0.00871,,0.0
147,4018,0.353,0.0,0.0,0.0,0.0018074011895805597,0.3087809979915619,0.31077489256858826,-0.0656239241361618,-0.09902650117874146,0.01600976102054119,3.8758607843192294e-06,0.0013704326702281833,0.002758350921794772,0.22594550251960754,64,,0.0,2,0,0,0,0,0.0,,,,,,,0.4382760524749756,0.7372645735740662,18.108219146728516,0.00871,,0.0
148,4018,0.352,0.0,0.0,0.0,0.00173039804212749,0.30782991647720337,0.3114248514175415,-0.08807773888111115,-0.09743236750364304,0.003914475440979004,1.0713911251514219e-05,0.0019097290933132172,0.003029921092092991,0.24487781524658203,64,,0.0,2,0,0,0,0,0.0,,,,,,,0.39788153767585754,0.7155747413635254,16.26226043701172,0.00871,,0.0
149,4018,0.351,0.0,0.0,0.0,0.001282340264879167,0.313480019569397,0.3120157718658447,-0.09142668545246124,-0.0981052964925766,0.002779334783554077,1.2212697583890986e-05,0.0013769122306257486,0.002215456450358033,0.24103298783302307,64,,0.0,2,0,0,0,0,0.0,,,,,,,0.4070202112197876,0.7207381129264832,16.32907485961914,0.00871,,0.0
150,4049,0.35,0.0,0.0,0.0,0.0032617661636322737,0.2917920649051666,0.2844952642917633,-0.06754240393638611,-0.09993471205234528,0.009712981060147285,0.010478343814611435,0.0022137495689094067,0.004976004362106323,0.1941951960325241,64,,0.0,1,0,0,0,1,1.0,0.229,0.5499,0.0,0,20,0,0.5146095752716064,0.6938929557800293,16.075162887573242,0.00889,0.0,0.0
151,4078,0.349,0.0,29.0,0.0,0.003313748398795724,0.2939542531967163,0.29112508893013,-0.06480491161346436,-0.0995774120092392,0.015833398327231407,4.281858309695963e-06,0.001796285156160593,0.006202835123986006,0.22842846810817719,64,0.0197,0.0,1,0,0,1,0,0.0,,,,,,,0.43592381477355957,0.6885676383972168,17.069318771362305,0.00883,,0.0
152,4078,0.348,0.0,0.0,0.0,0.002202883828431368,0.2679166793823242,0.2741730213165283,-0.0874163955450058,-0.09846891462802887,0.004773763008415699,7.159051165217534e-06,0.0014431599993258715,0.002995668677613139,0.24921715259552002,64,,0.0,2,0,0,0,0,0.0,,,,,,,0.39511293172836304,0.7988367080688477,17.376708984375,0.00883,,0.0
153,4108,0.347,0.0,30.0,0.0,0.004772261716425419,0.32346975803375244,0.34059277176856995,-0.08114716410636902,-0.09916362166404724,0.007952120155096054,6.760818450857187e-06,0.0018761216197162867,0.004210916347801685,0.20471234619617462,64,0.0063,0.0,1,0,1,0,0,0.0,,,,,,,0.48440468311309814,0.7957148551940918,16.45427703857422,0.00876,,0.0
154,4168,0.346,0.5,30.0,0.5,0.0023258186411112547,0.32479721307754517,0.31924423575401306,-0.06925968825817108,-0.09959173202514648,0.014203357510268688,6.408229091903195e-05,0.0018120714230462909,0.0037224877160042524,0.21455657482147217,64,0.0452,0.5,0,0,1,0,0,0.0,,,,,,,0.46417468786239624,0.7090591788291931,16.03359031677246,0.00888,,0.0
155,4198,0.345,0.0,30.0,0.0,0.003987657837569714,0.3337401747703552,0.3157001733779907,-0.03273703530430794,-0.09804590046405792,0.016475265845656395,0.030521521344780922,0.001799002755433321,0.003673622151836753,0.23849709331989288,64,0.0057,0.0,1,0,1,0,0,0.0,,,,,,,0.4110988974571228,0.7515808939933777,16.80609130859375,0.00881,,0.0
156,4198,0.344,0.0,0.0,0.0,0.001607542741112411,0.25753235816955566,0.2633987069129944,-0.08254282176494598,-0.09886375069618225,0.00721887219697237,1.982071808015462e-06,0.0011000835802406073,0.0037624132819473743,0.2036839723587036,64,,0.0,2,0,0,0,0,0.0,,,,,,,0.4853781759738922,0.8633298873901367,18.85187339782715,0.00881,,0.0
157,4228,0.343,0.0,30.0,0.0,0.002692439826205373,0.3046659827232361,0.3086538314819336,-0.07950346916913986,-0.09801599383354187,0.008390070870518684,0.00023040964151732624,0.001441910513676703,0.0030039511620998383,0.2157171070575714,64,0.0246,0.0,1,0,1,0,0,0.0,,,,,,,0.4543728828430176,0.7393165826797485,18.191463470458984,0.00875,,0.0
158,4228,0.342,0.0,0.0,0.0,0.003972915001213551,0.3229444622993469,0.32638055086135864,-0.07974870502948761,-0.09924913942813873,0.008966725319623947,2.880711008401704e-06,0.0025558406487107277,0.0031282061245292425,0.20557717978954315,64,,0.0,2,0,0,0,0,0.0,,,,,,,0.48278287053108215,0.7443270087242126,16.913156509399414,0.00875,,0.0
159,4259,0.341,0.0,0.0,0.0,0.0030642920173704624,0.3158019185066223,0.30624622106552124,-0.0809781402349472,-0.09994804859161377,0.008758658543229103,0.00015379031538031995,0.001359532936476171,0.0025976081378757954,0.22346122562885284,64,,0.0,1,0,0,0,1,1.0,,,,,,,0.44727247953414917,0.6912988424301147,18.024188995361328,0.00892,,0.0
160,4289,0.34,0.0,30.0,0.0,0.006341703701764345,0.28246772289276123,0.27841830253601074,-0.07553534209728241,-0.09909351170063019,0.011060064658522606,5.345655154087581e-06,0.0022400999441742897,0.002865385264158249,0.22481082379817963,64,0.0053,0.0,1,0,1,0,0,0.0,,,,,,,0.4407861828804016,0.7531219720840454,16.419063568115234,0.00886,,0.0
161,4319,0.339,0.0,30.0,0.0,0.0037318854592740536,0.27308258414268494,0.2700653076171875,-0.07908212393522263,-0.09840413182973862,0.008531584404408932,2.4867199499567505e-06,0.002461228519678116,0.004512693267315626,0.2489684373140335,64,0.0064,0.0,1,0,1,0,0,0.0,,,,,,,0.3952473998069763,0.7732229232788086,18.377792358398438,0.0088,,0.0
162,4341,0.338,0.0,22.0,0.0,0.0026054938789457083,0.27325281500816345,0.27842977643013,-0.07561422884464264,-0.09936200827360153,0.010955384001135826,3.902077878592536e-06,0.0012457567499950528,0.003666217904537916,0.22056308388710022,64,0.0867,0.0,1,0,0,1,0,0.0,,,,,,,0.4504924714565277,0.7494468092918396,17.16133689880371,0.00875,,0.0
163,4371,0.337,0.0,30.0,0.0,0.006376259960234165,0.31902551651000977,0.3221983313560486,-0.07847164571285248,-0.09727485477924347,0.008391834795475006,2.8097933864046354e-06,0.0018120871391147375,0.004033465404063463,0.2603595554828644,64,0.012,0.0,1,0,1,0,0,0.0,,,,,,,0.37361735105514526,0.8514451384544373,18.860992431640625,0.00869,,0.0
164,4401,0.336,0.0,30.0,0.0,0.004704231861978769,0.25946834683418274,0.2579103410243988,-0.08410108089447021,-0.09821806848049164,0.004979435354471207,1.7182263036374934e-05,0.0027131501119583845,0.008281867951154709,0.2923824191093445,64,0.0107,0.0,1,0,1,0,0,0.0,,,,,,,0.33592331409454346,0.7266408801078796,17.741180419921875,0.00863,,0.0
165,4455,0.335,0.0,27.0,0.0,0.006638160906732082,0.33610260486602783,0.3539346754550934,-0.08538514375686646,-0.09803915023803711,0.005288453307002783,0.00033165531931445,0.001775221899151802,0.0034908982925117016,0.20963814854621887,64,0.0224,0.0,0,0,1,1,0,0.0,,,,,,,0.4676589369773865,0.738818347454071,15.785989761352539,0.00853,,0.0
166,4485,0.334,0.0,30.0,0.0,0.005043512210249901,0.2713184356689453,0.2840188443660736,-0.07850348949432373,-0.09900330007076263,0.008607650175690651,1.4021905371919274e-05,0.0022337078116834164,0.006540979724377394,0.2270607054233551,64,0.0129,0.0,1,0,1,0,0,0.0,,,,,,,0.4360212981700897,0.7829912900924683,17.52018928527832,0.00847,,0.0
167,4545,0.333,0.0,30.0,0.0,0.00230252998881042,0.30017906427383423,0.30584943294525146,-0.028258375823497772,-0.0985136479139328,0.03397094085812569,3.064842758249142e-06,0.001220088335685432,0.004620652180165052,0.2691468298435211,64,0.0053,0.0,0,0,2,0,0,0.0,,,,,,,0.36602193117141724,0.7935947179794312,18.888431549072266,0.00836,,0.0
168,4575,0.332,0.0,30.0,0.0,0.00524606229737401,0.2592998147010803,0.2574560046195984,-0.07841043174266815,-0.09876032173633575,0.008991928771138191,1.2469665307435207e-05,0.0021580441389232874,0.004707131069153547,0.22736048698425293,64,0.0059,0.0,1,0,1,0,0,0.0,,,,,,,0.43437767028808594,0.6684073805809021,15.24916934967041,0.00831,,0.0
169,4605,0.331,0.0,30.0,0.0,0.0030783552210778,0.2835462689399719,0.27776920795440674,-0.08494743704795837,-0.09827011823654175,0.005482235457748175,1.419390855517122e-06,0.0032139939721673727,0.004713584203273058,0.22281578183174133,64,0.0154,0.0,1,0,1,0,0,0.0,,,,,,,0.44103753566741943,0.7098392844200134,18.274490356445312,0.00825,,0.0
170,4636,0.33,0.0,0.0,0.0,0.01033489778637886,0.2907257378101349,0.2681715488433838,-0.08364783972501755,-0.09785914421081543,0.006308744661509991,2.6443522074259818e-06,0.00157259835395962,0.003182337386533618,0.2557372450828552,64,,0.0,1,0,0,0,1,1.0,,,,,,,0.3826550245285034,0.7493879199028015,17.664688110351562,0.00841,,0.0
171,4666,0.329,0.0,30.0,0.0,0.005046064034104347,0.3343665897846222,0.33252429962158203,-0.059365492314100266,-0.09855014085769653,0.018992304801940918,7.128823199309409e-06,0.001958106644451618,0.002385818399488926,0.21262624859809875,64,0.0054,0.0,1,0,1,0,0,0.0,,,,,,,0.46348997950553894,0.8431586623191833,19.472946166992188,0.00836,,0.0
172,4697,0.328,0.0,0.0,0.0,0.0029269240330904722,0.2869994044303894,0.28580448031425476,-0.08445334434509277,-0.09623199701309204,0.004986231215298176,5.892453827982536e-06,0.0020396243780851364,0.0036005948204547167,0.25861436128616333,64,,0.0,1,0,0,0,1,1.0,,,,,,,0.3721061646938324,0.6923725605010986,17.707796096801758,0.00852,,0.0
173,4757,0.327,0.0,30.0,0.0,0.004292607307434082,0.2665899693965912,0.2568197548389435,-0.07773134112358093,-0.09736887365579605,0.008831515908241272,1.298441702601849e-06,0.002929431851953268,0.003946409560739994,0.20368154346942902,64,0.0118,0.0,0,0,2,0,0,0.0,,,,,,,0.47804462909698486,0.7315213084220886,16.88409423828125,0.00841,,0.0
174,4757,0.326,0.0,0.0,0.0,0.003940145019441843,0.270109623670578,0.25835496187210083,-0.0647638589143753,-0.09956417977809906,0.016734525561332703,4.2024303184007294e-06,0.0032174570951610804,0.0026541289407759905,0.18969208002090454,64,,0.0,2,0,0,0,0,0.0,,,,,,,0.5248726606369019,0.7011937499046326,17.577434539794922,0.00841,,0.0
175,4757,0.325,0.0,0.0,0.0,0.0029516948852688074,0.2488422989845276,0.24909067153930664,-0.08628883957862854,-0.09848165512084961,0.005529602523893118,4.979514415026642e-06,0.001291197258979082,0.0022572772577404976,0.23148153722286224,64,,0.0,2,0,0,0,0,0.0,,,,,,,0.42544063925743103,0.7295781373977661,17.077354431152344,0.00841,,0.0
176,4787,0.324,0.0,30.0,0.0,0.004033097065985203,0.32544681429862976,0.3032652735710144,-0.06834028661251068,-0.09928493201732635,0.014274909161031246,0.00011454381456132978,0.0024089994840323925,0.004560562781989574,0.23123477399349213,64,0.0398,0.0,1,0,1,0,0,0.0,,,,,,,0.4293685555458069,0.8153043985366821,20.402162551879883,0.00836,,0.0
177,4817,0.323,0.0,30.0,0.0,0.003172653028741479,0.2997868061065674,0.2940024137496948,-0.0779295563697815,-0.09934838116168976,0.01017109677195549,6.346338523144368e-06,0.0014201650628820062,0.0021405641455203295,0.22981002926826477,64,0.0234,0.0,1,0,1,0,0,0.0,,,,,,,0.43230655789375305,0.7456958293914795,16.12484359741211,0.0083,,0.0
178,4848,0.322,0.0,0.0,0.0,0.003490736708045006,0.3578455150127411,0.35539424419403076,-0.08674246072769165,-0.0979212149977684,0.004940225277096033,3.118173026450677e-06,0.0017702882178127766,0.0025903598871082067,0.2071605920791626,64,,0.0,1,0,0,0,1,1.0,,,,,,,0.4726826548576355,0.620367705821991,16.607425689697266,0.00846,,0.0
179,4878,0.321,0.0,30.0,0.0,0.0037932998966425657,0.28836846351623535,0.2802952527999878,-0.08305541425943375,-0.09807739406824112,0.006821637973189354,2.0745630990859354e-06,0.0014488399028778076,0.0027532773092389107,0.22011251747608185,64,0.0047,0.0,1,0,1,0,0,0.0,,,,,,,0.4455784559249878,0.7154701948165894,17.54157257080078,0.00841,,0.0
180,4908,0.32,0.0,30.0,0.0,0.005682175047695637,0.2496158927679062,0.25202876329421997,-0.08260364830493927,-0.09901826083660126,0.0071781836450099945,6.639520506723784e-06,0.0016615544445812702,0.0041032154113054276,0.26872357726097107,64,0.0985,0.0,1,0,1,0,0,0.0,,,,,,,0.3684762716293335,0.6500437259674072,18.301374435424805,0.00835,,0.0
